STRUCTURE,STRUCTURE_ID,STRUCTURE_NAME,ACTION,REF_AREA,Reference area,MEASURE,Measure,UNIT_MEASURE,Unit of measure,SEX,Sex,AGE,Age,LABOUR_FORCE_STATUS,Labour force status,WORK_PERIOD,Work period,HOURS_TYPE,Hours type,WORKER_STATUS,Worker status,WORK_TIME_ARNGMNT,Working time arrangement,AGGREGATION_OPERATION,Aggregation operation,HOUR_BANDS,Hour bands,JOB_COVERAGE,Job coverage,TIME_PERIOD,Time period,OBS_VALUE,Observation value,OBS_STATUS,Observation status,UNIT_MULT,Unit multiplier,DECIMALS,Decimals
DATAFLOW,OECD.ELS.SAE:DSD_HW@DF_AVG_ANN_HRS_WKD(1.0),Average annual hours actually worked per worker,I,GRC,Greece,HW,Hours worked,H_Y_PS,Hours per year per person,_Z,Not applicable,_Z,Not applicable,EMP,Employment,A,Annual,ACTUAL,Actual,_T,Total,_Z,Not applicable,MEAN,Mean,_Z,Not applicable,_T,Total,2018,,1961,,A,Normal value,0,Units,0,Zero
DATAFLOW,OECD.ELS.SAE:DSD_HW@DF_AVG_ANN_HRS_WKD(1.0),Average annual hours actually worked per worker,I,AUS,Australia,HW,Hours worked,H_Y_PS,Hours per year per person,_Z,Not applicable,_Z,Not applicable,EMP,Employment,A,Annual,ACTUAL,Actual,_T,Total,_Z,Not applicable,MEAN,Mean,_Z,Not applicable,_T,Total,2018,,1654,,A,Normal value,0,Units,0,Zero
DATAFLOW,OECD.ELS.SAE:DSD_HW@DF_AVG_ANN_HRS_WKD(1.0),Average annual hours actually worked per worker,I,AUS,Australia,HW,Hours worked,H_Y_PS,Hours per year per person,_Z,Not applicable,_Z,Not applicable,EMP,Employment,A,Annual,ACTUAL,Actual,_T,Total,_Z,Not applicable,MEAN,Mean,_Z,Not applicable,_T,Total,2022,,1628,,A,Normal value,0,Units,0,Zero
DATAFLOW,OECD.ELS.SAE:DSD_HW@DF_AVG_ANN_HRS_WKD(1.0),Average annual hours actually worked per worker,I,AUS,Australia,HW,Hours worked,H_Y_PS,Hours per year per person,_Z,Not applicable,_Z,Not applicable,EMP,Employment,A,Annual,ACTUAL,Actual,_T,Total,_Z,Not applicable,MEAN,Mean,_Z,Not applicable,_T,Total,2021,,1622,,A,Normal value,0,Units,0,Zero
DATAFLOW,OECD.ELS.SAE:DSD_HW@DF_AVG_ANN_HRS_WKD(1.0),Average annual hours actually worked per worker,I,SWE,Sweden,HW,Hours worked,H_Y_PS,Hours per year per person,_Z,Not applicable,_Z,Not applicable,EMP,Employment,A,Annual,ACTUAL,Actual,_T,Total,_Z,Not applicable,MEAN,Mean,_Z,Not applicable,_T,Total,2022,,1440,,A,Normal value,0,Units,0,Zero
DATAFLOW,OECD.ELS.SAE:DSD_HW@DF_AVG_ANN_HRS_WKD(1.0),Average annual hours actually worked per worker,I,CZE,Czechia,HW,Hours worked,H_Y_PS,Hours per year per person,_Z,Not applicable,_Z,Not applicable,EMP,Employment,A,Annual,ACTUAL,Actual,_T,Total,_Z,Not applicable,MEAN,Mean,_Z,Not applicable,_T,Total,2022,,1774,,A,Normal value,0,Units,0,Zero
DATAFLOW,OECD.ELS.SAE:DSD_HW@DF_AVG_ANN_HRS_WKD(1.0),Average annual hours actually worked per worker,I,CZE,Czechia,HW,Hours worked,H_Y_PS,Hours per year per person,_Z,Not applicable,_Z,Not applicable,EMP,Employment,A,Annual,ACTUAL,Actual,_T,Total,_Z,Not applicable,MEAN,Mean,_Z,Not applicable,_T,Total,2021,,1722,,A,Normal value,0,Units,0,Zero
DATAFLOW,OECD.ELS.SAE:DSD_HW@DF_AVG_ANN_HRS_WKD(1.0),Average annual hours actually worked per worker,I,HUN,Hungary,HW,Hours worked,H_Y_PS,Hours per year per person,_Z,Not applicable,_Z,Not applicable,EMP,Employment,A,Annual,ACTUAL,Actual,_T,Total,_Z,Not applicable,MEAN,Mean,_Z,Not applicable,_T,Total,2019,,1729,,A,Normal value,0,Units,0,Zero
DATAFLOW,OECD.ELS.SAE:DSD_HW@DF_AVG_ANN_HRS_WKD(1.0),Average annual hours actually worked per worker,I,HUN,Hungary,HW,Hours worked,H_Y_PS,Hours per year per person,_Z,Not applicable,_Z,Not applicable,EMP,Employment,A,Annual,ACTUAL,Actual,_T,Total,_Z,Not applicable,MEAN,Mean,_Z,Not applicable,_T,Total,2018,,1737,,A,Normal value,0,Units,0,Zero
DATAFLOW,OECD.ELS.SAE:DSD_HW@DF_AVG_ANN_HRS_WKD(1.0),Average annual hours actually worked per worker,I,HUN,Hungary,HW,Hours worked,H_Y_PS,Hours per year per person,_Z,Not applicable,_Z,Not applicable,EMP,Employment,A,Annual,ACTUAL,Actual,_T,Total,_Z,Not applicable,MEAN,Mean,_Z,Not applicable,_T,Total,2022,,1691,,A,Normal value,0,Units,0,Zero
DATAFLOW,OECD.ELS.SAE:DSD_HW@DF_AVG_ANN_HRS_WKD(1.0),Average annual hours actually worked per worker,I,HUN,Hungary,HW,Hours worked,H_Y_PS,Hours per year per person,_Z,Not applicable,_Z,Not applicable,EMP,Employment,A,Annual,ACTUAL,Actual,_T,Total,_Z,Not applicable,MEAN,Mean,_Z,Not applicable,_T,Total,2021,,1682,,A,Normal value,0,Units,0,Zero
DATAFLOW,OECD.ELS.SAE:DSD_HW@DF_AVG_ANN_HRS_WKD(1.0),Average annual hours actually worked per worker,I,DEU,Germany,HW,Hours worked,H_Y_PS,Hours per year per person,_Z,Not applicable,_Z,Not applicable,EMP,Employment,A,Annual,ACTUAL,Actual,_T,Total,_Z,Not applicable,MEAN,Mean,_Z,Not applicable,_T,Total,2019,,1373.1,,A,Normal value,0,Units,0,Zero
DATAFLOW,OECD.ELS.SAE:DSD_HW@DF_AVG_ANN_HRS_WKD(1.0),Average annual hours actually worked per worker,I,DEU,Germany,HW,Hours worked,H_Y_PS,Hours per year per person,_Z,Not applicable,_Z,Not applicable,EMP,Employment,A,Annual,ACTUAL,Actual,_T,Total,_Z,Not applicable,MEAN,Mean,_Z,Not applicable,_T,Total,2018,,1380.7,,A,Normal value,0,Units,0,Zero
DATAFLOW,OECD.ELS.SAE:DSD_HW@DF_AVG_ANN_HRS_WKD(1.0),Average annual hours actually worked per worker,I,AUS,Australia,HW,Hours worked,H_Y_PS,Hours per year per person,_Z,Not applicable,_Z,Not applicable,EMP,Employment,A,Annual,ACTUAL,Actual,_T,Total,_Z,Not applicable,MEAN,Mean,_Z,Not applicable,_T,Total,2019,,1651,,A,Normal value,0,Units,0,Zero
DATAFLOW,OECD.ELS.SAE:DSD_HW@DF_AVG_ANN_HRS_WKD(1.0),Average annual hours actually worked per worker,I,COL,Colombia,HW,Hours worked,H_Y_PS,Hours per year per person,_Z,Not applicable,_Z,Not applicable,EMP,Employment,A,Annual,ACTUAL,Actual,_T,Total,_Z,Not applicable,MEAN,Mean,_Z,Not applicable,_T,Total,2019,,2383,,A,Normal value,0,Units,0,Zero
DATAFLOW,OECD.ELS.SAE:DSD_HW@DF_AVG_ANN_HRS_WKD(1.0),Average annual hours actually worked per worker,I,COL,Colombia,HW,Hours worked,H_Y_PS,Hours per year per person,_Z,Not applicable,_Z,Not applicable,EMP,Employment,A,Annual,ACTUAL,Actual,_T,Total,_Z,Not applicable,MEAN,Mean,_Z,Not applicable,_T,Total,2018,,2386,,A,Normal value,0,Units,0,Zero
DATAFLOW,OECD.ELS.SAE:DSD_HW@DF_AVG_ANN_HRS_WKD(1.0),Average annual hours actually worked per worker,I,EU19OECD,European Union (19 countries) in OECD,HW,Hours worked,H_Y_PS,Hours per year per person,_Z,Not applicable,_Z,Not applicable,EMP,Employment,A,Annual,ACTUAL,Actual,_T,Total,_Z,Not applicable,MEAN,Mean,_Z,Not applicable,_T,Total,2019,,1556.947895,,A,Normal value,0,Units,0,Zero
DATAFLOW,OECD.ELS.SAE:DSD_HW@DF_AVG_ANN_HRS_WKD(1.0),Average annual hours actually worked per worker,I,EU19OECD,European Union (19 countries) in OECD,HW,Hours worked,H_Y_PS,Hours per year per person,_Z,Not applicable,_Z,Not applicable,EMP,Employment,A,Annual,ACTUAL,Actual,_T,Total,_Z,Not applicable,MEAN,Mean,_Z,Not applicable,_T,Total,2018,,1562.840171,,A,Normal value,0,Units,0,Zero
DATAFLOW,OECD.ELS.SAE:DSD_HW@DF_AVG_ANN_HRS_WKD(1.0),Average annual hours actually worked per worker,I,EU19OECD,European Union (19 countries) in OECD,HW,Hours worked,H_Y_PS,Hours per year per person,_Z,Not applicable,_Z,Not applicable,EMP,Employment,A,Annual,ACTUAL,Actual,_T,Total,_Z,Not applicable,MEAN,Mean,_Z,Not applicable,_T,Total,2022,,1527.901178,,A,Normal value,0,Units,0,Zero
DATAFLOW,OECD.ELS.SAE:DSD_HW@DF_AVG_ANN_HRS_WKD(1.0),Average annual hours actually worked per worker,I,EU19OECD,European Union (19 countries) in OECD,HW,Hours worked,H_Y_PS,Hours per year per person,_Z,Not applicable,_Z,Not applicable,EMP,Employment,A,Annual,ACTUAL,Actual,_T,Total,_Z,Not applicable,MEAN,Mean,_Z,Not applicable,_T,Total,2021,,1513.21397,,A,Normal value,0,Units,0,Zero
DATAFLOW,OECD.ELS.SAE:DSD_HW@DF_AVG_ANN_HRS_WKD(1.0),Average annual hours actually worked per worker,I,MEX,Mexico,HW,Hours worked,H_Y_PS,Hours per year per person,_Z,Not applicable,_Z,Not applicable,EMP,Employment,A,Annual,ACTUAL,Actual,_T,Total,_Z,Not applicable,MEAN,Mean,_Z,Not applicable,_T,Total,2019,,2228,,A,Normal value,0,Units,0,Zero
DATAFLOW,OECD.ELS.SAE:DSD_HW@DF_AVG_ANN_HRS_WKD(1.0),Average annual hours actually worked per worker,I,MEX,Mexico,HW,Hours worked,H_Y_PS,Hours per year per person,_Z,Not applicable,_Z,Not applicable,EMP,Employment,A,Annual,ACTUAL,Actual,_T,Total,_Z,Not applicable,MEAN,Mean,_Z,Not applicable,_T,Total,2018,,2238,,A,Normal value,0,Units,0,Zero
DATAFLOW,OECD.ELS.SAE:DSD_HW@DF_AVG_ANN_HRS_WKD(1.0),Average annual hours actually worked per worker,I,MEX,Mexico,HW,Hours worked,H_Y_PS,Hours per year per person,_Z,Not applicable,_Z,Not applicable,EMP,Employment,A,Annual,ACTUAL,Actual,_T,Total,_Z,Not applicable,MEAN,Mean,_Z,Not applicable,_T,Total,2022,,2226,,A,Normal value,0,Units,0,Zero
DATAFLOW,OECD.ELS.SAE:DSD_HW@DF_AVG_ANN_HRS_WKD(1.0),Average annual hours actually worked per worker,I,MEX,Mexico,HW,Hours worked,H_Y_PS,Hours per year per person,_Z,Not applicable,_Z,Not applicable,EMP,Employment,A,Annual,ACTUAL,Actual,_T,Total,_Z,Not applicable,MEAN,Mean,_Z,Not applicable,_T,Total,2021,,2216,,A,Normal value,0,Units,0,Zero
DATAFLOW,OECD.ELS.SAE:DSD_HW@DF_AVG_ANN_HRS_WKD(1.0),Average annual hours actually worked per worker,I,NZL,New Zealand,HW,Hours worked,H_Y_PS,Hours per year per person,_Z,Not applicable,_Z,Not applicable,EMP,Employment,A,Annual,ACTUAL,Actual,_T,Total,_Z,Not applicable,MEAN,Mean,_Z,Not applicable,_T,Total,2019,,1783,,A,Normal value,0,Units,0,Zero
DATAFLOW,OECD.ELS.SAE:DSD_HW@DF_AVG_ANN_HRS_WKD(1.0),Average annual hours actually worked per worker,I,NZL,New Zealand,HW,Hours worked,H_Y_PS,Hours per year per person,_Z,Not applicable,_Z,Not applicable,EMP,Employment,A,Annual,ACTUAL,Actual,_T,Total,_Z,Not applicable,MEAN,Mean,_Z,Not applicable,_T,Total,2018,,1759,,A,Normal value,0,Units,0,Zero
DATAFLOW,OECD.ELS.SAE:DSD_HW@DF_AVG_ANN_HRS_WKD(1.0),Average annual hours actually worked per worker,I,NZL,New Zealand,HW,Hours worked,H_Y_PS,Hours per year per person,_Z,Not applicable,_Z,Not applicable,EMP,Employment,A,Annual,ACTUAL,Actual,_T,Total,_Z,Not applicable,MEAN,Mean,_Z,Not applicable,_T,Total,2022,,1748,,A,Normal value,0,Units,0,Zero
DATAFLOW,OECD.ELS.SAE:DSD_HW@DF_AVG_ANN_HRS_WKD(1.0),Average annual hours actually worked per worker,I,NZL,New Zealand,HW,Hours worked,H_Y_PS,Hours per year per person,_Z,Not applicable,_Z,Not applicable,EMP,Employment,A,Annual,ACTUAL,Actual,_T,Total,_Z,Not applicable,MEAN,Mean,_Z,Not applicable,_T,Total,2021,,1730,,A,Normal value,0,Units,0,Zero
DATAFLOW,OECD.ELS.SAE:DSD_HW@DF_AVG_ANN_HRS_WKD(1.0),Average annual hours actually worked per worker,I,POL,Poland,HW,Hours worked,H_Y_PS,Hours per year per person,_Z,Not applicable,_Z,Not applicable,EMP,Employment,A,Annual,ACTUAL,Actual,_T,Total,_Z,Not applicable,MEAN,Mean,_Z,Not applicable,_T,Total,2019,,1783,,A,Normal value,0,Units,0,Zero
DATAFLOW,OECD.ELS.SAE:DSD_HW@DF_AVG_ANN_HRS_WKD(1.0),Average annual hours actually worked per worker,I,POL,Poland,HW,Hours worked,H_Y_PS,Hours per year per person,_Z,Not applicable,_Z,Not applicable,EMP,Employment,A,Annual,ACTUAL,Actual,_T,Total,_Z,Not applicable,MEAN,Mean,_Z,Not applicable,_T,Total,2018,,1787,,A,Normal value,0,Units,0,Zero
DATAFLOW,OECD.ELS.SAE:DSD_HW@DF_AVG_ANN_HRS_WKD(1.0),Average annual hours actually worked per worker,I,POL,Poland,HW,Hours worked,H_Y_PS,Hours per year per person,_Z,Not applicable,_Z,Not applicable,EMP,Employment,A,Annual,ACTUAL,Actual,_T,Total,_Z,Not applicable,MEAN,Mean,_Z,Not applicable,_T,Total,2022,,1815,,A,Normal value,0,Units,0,Zero
DATAFLOW,OECD.ELS.SAE:DSD_HW@DF_AVG_ANN_HRS_WKD(1.0),Average annual hours actually worked per worker,I,POL,Poland,HW,Hours worked,H_Y_PS,Hours per year per person,_Z,Not applicable,_Z,Not applicable,EMP,Employment,A,Annual,ACTUAL,Actual,_T,Total,_Z,Not applicable,MEAN,Mean,_Z,Not applicable,_T,Total,2021,,1828,,A,Normal value,0,Units,0,Zero
DATAFLOW,OECD.ELS.SAE:DSD_HW@DF_AVG_ANN_HRS_WKD(1.0),Average annual hours actually worked per worker,I,CZE,Czechia,HW,Hours worked,H_Y_PS,Hours per year per person,_Z,Not applicable,_Z,Not applicable,EMP,Employment,A,Annual,ACTUAL,Actual,_T,Total,_Z,Not applicable,MEAN,Mean,_Z,Not applicable,_T,Total,2019,,1786,,A,Normal value,0,Units,0,Zero
DATAFLOW,OECD.ELS.SAE:DSD_HW@DF_AVG_ANN_HRS_WKD(1.0),Average annual hours actually worked per worker,I,CZE,Czechia,HW,Hours worked,H_Y_PS,Hours per year per person,_Z,Not applicable,_Z,Not applicable,EMP,Employment,A,Annual,ACTUAL,Actual,_T,Total,_Z,Not applicable,MEAN,Mean,_Z,Not applicable,_T,Total,2018,,1785,,A,Normal value,0,Units,0,Zero
DATAFLOW,OECD.ELS.SAE:DSD_HW@DF_AVG_ANN_HRS_WKD(1.0),Average annual hours actually worked per worker,I,FIN,Finland,HW,Hours worked,H_Y_PS,Hours per year per person,_Z,Not applicable,_Z,Not applicable,EMP,Employment,A,Annual,ACTUAL,Actual,_T,Total,_Z,Not applicable,MEAN,Mean,_Z,Not applicable,_T,Total,2019,,1537,,A,Normal value,0,Units,0,Zero
DATAFLOW,OECD.ELS.SAE:DSD_HW@DF_AVG_ANN_HRS_WKD(1.0),Average annual hours actually worked per worker,I,FRA,France,HW,Hours worked,H_Y_PS,Hours per year per person,_Z,Not applicable,_Z,Not applicable,EMP,Employment,A,Annual,ACTUAL,Actual,_T,Total,_Z,Not applicable,MEAN,Mean,_Z,Not applicable,_T,Total,2019,,1518,,A,Normal value,0,Units,0,Zero
DATAFLOW,OECD.ELS.SAE:DSD_HW@DF_AVG_ANN_HRS_WKD(1.0),Average annual hours actually worked per worker,I,FRA,France,HW,Hours worked,H_Y_PS,Hours per year per person,_Z,Not applicable,_Z,Not applicable,EMP,Employment,A,Annual,ACTUAL,Actual,_T,Total,_Z,Not applicable,MEAN,Mean,_Z,Not applicable,_T,Total,2018,,1514,,A,Normal value,0,Units,0,Zero
DATAFLOW,OECD.ELS.SAE:DSD_HW@DF_AVG_ANN_HRS_WKD(1.0),Average annual hours actually worked per worker,I,FRA,France,HW,Hours worked,H_Y_PS,Hours per year per person,_Z,Not applicable,_Z,Not applicable,EMP,Employment,A,Annual,ACTUAL,Actual,_T,Total,_Z,Not applicable,MEAN,Mean,_Z,Not applicable,_T,Total,2022,,1501,,A,Normal value,0,Units,0,Zero
DATAFLOW,OECD.ELS.SAE:DSD_HW@DF_AVG_ANN_HRS_WKD(1.0),Average annual hours actually worked per worker,I,FRA,France,HW,Hours worked,H_Y_PS,Hours per year per person,_Z,Not applicable,_Z,Not applicable,EMP,Employment,A,Annual,ACTUAL,Actual,_T,Total,_Z,Not applicable,MEAN,Mean,_Z,Not applicable,_T,Total,2021,,1475,,A,Normal value,0,Units,0,Zero
DATAFLOW,OECD.ELS.SAE:DSD_HW@DF_AVG_ANN_HRS_WKD(1.0),Average annual hours actually worked per worker,I,RUS,Russia,HW,Hours worked,H_Y_PS,Hours per year per person,_Z,Not applicable,_Z,Not applicable,EMP,Employment,A,Annual,ACTUAL,Actual,_T,Total,_Z,Not applicable,MEAN,Mean,_Z,Not applicable,_T,Total,2019,,1965,,A,Normal value,0,Units,0,Zero
DATAFLOW,OECD.ELS.SAE:DSD_HW@DF_AVG_ANN_HRS_WKD(1.0),Average annual hours actually worked per worker,I,RUS,Russia,HW,Hours worked,H_Y_PS,Hours per year per person,_Z,Not applicable,_Z,Not applicable,EMP,Employment,A,Annual,ACTUAL,Actual,_T,Total,_Z,Not applicable,MEAN,Mean,_Z,Not applicable,_T,Total,2018,,1970,,A,Normal value,0,Units,0,Zero
DATAFLOW,OECD.ELS.SAE:DSD_HW@DF_AVG_ANN_HRS_WKD(1.0),Average annual hours actually worked per worker,I,BEL,Belgium,HW,Hours worked,H_Y_PS,Hours per year per person,_Z,Not applicable,_Z,Not applicable,EMP,Employment,A,Annual,ACTUAL,Actual,_T,Total,_Z,Not applicable,MEAN,Mean,_Z,Not applicable,_T,Total,2022,,1535,,,,0,Units,0,Zero
DATAFLOW,OECD.ELS.SAE:DSD_HW@DF_AVG_ANN_HRS_WKD(1.0),Average annual hours actually worked per worker,I,BEL,Belgium,HW,Hours worked,H_Y_PS,Hours per year per person,_Z,Not applicable,_Z,Not applicable,EMP,Employment,A,Annual,ACTUAL,Actual,_T,Total,_Z,Not applicable,MEAN,Mean,_Z,Not applicable,_T,Total,2021,,1530,,A,Normal value,0,Units,0,Zero
DATAFLOW,OECD.ELS.SAE:DSD_HW@DF_AVG_ANN_HRS_WKD(1.0),Average annual hours actually worked per worker,I,BEL,Belgium,HW,Hours worked,H_Y_PS,Hours per year per person,_Z,Not applicable,_Z,Not applicable,EMP,Employment,A,Annual,ACTUAL,Actual,_T,Total,_Z,Not applicable,MEAN,Mean,_Z,Not applicable,_T,Total,2020,,1446,,A,Normal value,0,Units,0,Zero
DATAFLOW,OECD.ELS.SAE:DSD_HW@DF_AVG_ANN_HRS_WKD(1.0),Average annual hours actually worked per worker,I,BEL,Belgium,HW,Hours worked,H_Y_PS,Hours per year per person,_Z,Not applicable,_Z,Not applicable,EMP,Employment,A,Annual,ACTUAL,Actual,_T,Total,_Z,Not applicable,MEAN,Mean,_Z,Not applicable,_T,Total,2019,,1577,,A,Normal value,0,Units,0,Zero
DATAFLOW,OECD.ELS.SAE:DSD_HW@DF_AVG_ANN_HRS_WKD(1.0),Average annual hours actually worked per worker,I,ISL,Iceland,HW,Hours worked,H_Y_PS,Hours per year per person,_Z,Not applicable,_Z,Not applicable,EMP,Employment,A,Annual,ACTUAL,Actual,_T,Total,_Z,Not applicable,MEAN,Mean,_Z,Not applicable,_T,Total,2019,,1480,,A,Normal value,0,Units,0,Zero
DATAFLOW,OECD.ELS.SAE:DSD_HW@DF_AVG_ANN_HRS_WKD(1.0),Average annual hours actually worked per worker,I,ISL,Iceland,HW,Hours worked,H_Y_PS,Hours per year per person,_Z,Not applicable,_Z,Not applicable,EMP,Employment,A,Annual,ACTUAL,Actual,_T,Total,_Z,Not applicable,MEAN,Mean,_Z,Not applicable,_T,Total,2018,,1496,,A,Normal value,0,Units,0,Zero
DATAFLOW,OECD.ELS.SAE:DSD_HW@DF_AVG_ANN_HRS_WKD(1.0),Average annual hours actually worked per worker,I,ISL,Iceland,HW,Hours worked,H_Y_PS,Hours per year per person,_Z,Not applicable,_Z,Not applicable,EMP,Employment,A,Annual,ACTUAL,Actual,_T,Total,_Z,Not applicable,MEAN,Mean,_Z,Not applicable,_T,Total,2022,,1459,,A,Normal value,0,Units,0,Zero
DATAFLOW,OECD.ELS.SAE:DSD_HW@DF_AVG_ANN_HRS_WKD(1.0),Average annual hours actually worked per worker,I,ISL,Iceland,HW,Hours worked,H_Y_PS,Hours per year per person,_Z,Not applicable,_Z,Not applicable,EMP,Employment,A,Annual,ACTUAL,Actual,_T,Total,_Z,Not applicable,MEAN,Mean,_Z,Not applicable,_T,Total,2021,,1459,,A,Normal value,0,Units,0,Zero
DATAFLOW,OECD.ELS.SAE:DSD_HW@DF_AVG_ANN_HRS_WKD(1.0),Average annual hours actually worked per worker,I,JPN,Japan,HW,Hours worked,H_Y_PS,Hours per year per person,_Z,Not applicable,_Z,Not applicable,EMP,Employment,A,Annual,ACTUAL,Actual,_T,Total,_Z,Not applicable,MEAN,Mean,_Z,Not applicable,_T,Total,2019,,1644,,A,Normal value,0,Units,0,Zero
DATAFLOW,OECD.ELS.SAE:DSD_HW@DF_AVG_ANN_HRS_WKD(1.0),Average annual hours actually worked per worker,I,JPN,Japan,HW,Hours worked,H_Y_PS,Hours per year per person,_Z,Not applicable,_Z,Not applicable,EMP,Employment,A,Annual,ACTUAL,Actual,_T,Total,_Z,Not applicable,MEAN,Mean,_Z,Not applicable,_T,Total,2018,,1680,,A,Normal value,0,Units,0,Zero
DATAFLOW,OECD.ELS.SAE:DSD_HW@DF_AVG_ANN_HRS_WKD(1.0),Average annual hours actually worked per worker,I,JPN,Japan,HW,Hours worked,H_Y_PS,Hours per year per person,_Z,Not applicable,_Z,Not applicable,EMP,Employment,A,Annual,ACTUAL,Actual,_T,Total,_Z,Not applicable,MEAN,Mean,_Z,Not applicable,_T,Total,2022,,1607,,A,Normal value,0,Units,0,Zero
DATAFLOW,OECD.ELS.SAE:DSD_HW@DF_AVG_ANN_HRS_WKD(1.0),Average annual hours actually worked per worker,I,JPN,Japan,HW,Hours worked,H_Y_PS,Hours per year per person,_Z,Not applicable,_Z,Not applicable,EMP,Employment,A,Annual,ACTUAL,Actual,_T,Total,_Z,Not applicable,MEAN,Mean,_Z,Not applicable,_T,Total,2021,,1607,,A,Normal value,0,Units,0,Zero
DATAFLOW,OECD.ELS.SAE:DSD_HW@DF_AVG_ANN_HRS_WKD(1.0),Average annual hours actually worked per worker,I,LUX,Luxembourg,HW,Hours worked,H_Y_PS,Hours per year per person,_Z,Not applicable,_Z,Not applicable,EMP,Employment,A,Annual,ACTUAL,Actual,_T,Total,_Z,Not applicable,MEAN,Mean,_Z,Not applicable,_T,Total,2019,,1493,,A,Normal value,0,Units,0,Zero
DATAFLOW,OECD.ELS.SAE:DSD_HW@DF_AVG_ANN_HRS_WKD(1.0),Average annual hours actually worked per worker,I,LUX,Luxembourg,HW,Hours worked,H_Y_PS,Hours per year per person,_Z,Not applicable,_Z,Not applicable,EMP,Employment,A,Annual,ACTUAL,Actual,_T,Total,_Z,Not applicable,MEAN,Mean,_Z,Not applicable,_T,Total,2018,,1499,,A,Normal value,0,Units,0,Zero
DATAFLOW,OECD.ELS.SAE:DSD_HW@DF_AVG_ANN_HRS_WKD(1.0),Average annual hours actually worked per worker,I,LUX,Luxembourg,HW,Hours worked,H_Y_PS,Hours per year per person,_Z,Not applicable,_Z,Not applicable,EMP,Employment,A,Annual,ACTUAL,Actual,_T,Total,_Z,Not applicable,MEAN,Mean,_Z,Not applicable,_T,Total,2022,,1459,,A,Normal value,0,Units,0,Zero
DATAFLOW,OECD.ELS.SAE:DSD_HW@DF_AVG_ANN_HRS_WKD(1.0),Average annual hours actually worked per worker,I,LUX,Luxembourg,HW,Hours worked,H_Y_PS,Hours per year per person,_Z,Not applicable,_Z,Not applicable,EMP,Employment,A,Annual,ACTUAL,Actual,_T,Total,_Z,Not applicable,MEAN,Mean,_Z,Not applicable,_T,Total,2021,,1467,,A,Normal value,0,Units,0,Zero
DATAFLOW,OECD.ELS.SAE:DSD_HW@DF_AVG_ANN_HRS_WKD(1.0),Average annual hours actually worked per worker,I,TUR,Türkiye,HW,Hours worked,H_Y_PS,Hours per year per person,_Z,Not applicable,_Z,Not applicable,EMP,Employment,A,Annual,ACTUAL,Actual,_T,Total,_Z,Not applicable,MEAN,Mean,_Z,Not applicable,_T,Total,2021,,1732,,A,Normal value,0,Units,0,Zero
DATAFLOW,OECD.ELS.SAE:DSD_HW@DF_AVG_ANN_HRS_WKD(1.0),Average annual hours actually worked per worker,I,TUR,Türkiye,HW,Hours worked,H_Y_PS,Hours per year per person,_Z,Not applicable,_Z,Not applicable,EMP,Employment,A,Annual,ACTUAL,Actual,_T,Total,_Z,Not applicable,MEAN,Mean,_Z,Not applicable,_T,Total,2020,,1572,,A,Normal value,0,Units,0,Zero
DATAFLOW,OECD.ELS.SAE:DSD_HW@DF_AVG_ANN_HRS_WKD(1.0),Average annual hours actually worked per worker,I,TUR,Türkiye,HW,Hours worked,H_Y_PS,Hours per year per person,_Z,Not applicable,_Z,Not applicable,EMP,Employment,A,Annual,ACTUAL,Actual,_T,Total,_Z,Not applicable,MEAN,Mean,_Z,Not applicable,_T,Total,2019,,1732,,A,Normal value,0,Units,0,Zero
DATAFLOW,OECD.ELS.SAE:DSD_HW@DF_AVG_ANN_HRS_WKD(1.0),Average annual hours actually worked per worker,I,CRI,Costa Rica,HW,Hours worked,H_Y_PS,Hours per year per person,_Z,Not applicable,_Z,Not applicable,EMP,Employment,A,Annual,ACTUAL,Actual,_T,Total,_Z,Not applicable,MEAN,Mean,_Z,Not applicable,_T,Total,2019,,2059.6,,A,Normal value,0,Units,0,Zero
DATAFLOW,OECD.ELS.SAE:DSD_HW@DF_AVG_ANN_HRS_WKD(1.0),Average annual hours actually worked per worker,I,CRI,Costa Rica,HW,Hours worked,H_Y_PS,Hours per year per person,_Z,Not applicable,_Z,Not applicable,EMP,Employment,A,Annual,ACTUAL,Actual,_T,Total,_Z,Not applicable,MEAN,Mean,_Z,Not applicable,_T,Total,2018,,2121,,A,Normal value,0,Units,0,Zero
DATAFLOW,OECD.ELS.SAE:DSD_HW@DF_AVG_ANN_HRS_WKD(1.0),Average annual hours actually worked per worker,I,CRI,Costa Rica,HW,Hours worked,H_Y_PS,Hours per year per person,_Z,Not applicable,_Z,Not applicable,EMP,Employment,A,Annual,ACTUAL,Actual,_T,Total,_Z,Not applicable,MEAN,Mean,_Z,Not applicable,_T,Total,2022,,2149,,A,Normal value,0,Units,0,Zero
DATAFLOW,OECD.ELS.SAE:DSD_HW@DF_AVG_ANN_HRS_WKD(1.0),Average annual hours actually worked per worker,I,CRI,Costa Rica,HW,Hours worked,H_Y_PS,Hours per year per person,_Z,Not applicable,_Z,Not applicable,EMP,Employment,A,Annual,ACTUAL,Actual,_T,Total,_Z,Not applicable,MEAN,Mean,_Z,Not applicable,_T,Total,2021,,2073.3,,A,Normal value,0,Units,0,Zero
DATAFLOW,OECD.ELS.SAE:DSD_HW@DF_AVG_ANN_HRS_WKD(1.0),Average annual hours actually worked per worker,I,ROU,Romania,HW,Hours worked,H_Y_PS,Hours per year per person,_Z,Not applicable,_Z,Not applicable,EMP,Employment,A,Annual,ACTUAL,Actual,_T,Total,_Z,Not applicable,MEAN,Mean,_Z,Not applicable,_T,Total,2019,,1803,,A,Normal value,0,Units,0,Zero
DATAFLOW,OECD.ELS.SAE:DSD_HW@DF_AVG_ANN_HRS_WKD(1.0),Average annual hours actually worked per worker,I,ROU,Romania,HW,Hours worked,H_Y_PS,Hours per year per person,_Z,Not applicable,_Z,Not applicable,EMP,Employment,A,Annual,ACTUAL,Actual,_T,Total,_Z,Not applicable,MEAN,Mean,_Z,Not applicable,_T,Total,2018,,1787,,A,Normal value,0,Units,0,Zero
DATAFLOW,OECD.ELS.SAE:DSD_HW@DF_AVG_ANN_HRS_WKD(1.0),Average annual hours actually worked per worker,I,ROU,Romania,HW,Hours worked,H_Y_PS,Hours per year per person,_Z,Not applicable,_Z,Not applicable,EMP,Employment,A,Annual,ACTUAL,Actual,_T,Total,_Z,Not applicable,MEAN,Mean,_Z,Not applicable,_T,Total,2022,,1827,,A,Normal value,0,Units,0,Zero
DATAFLOW,OECD.ELS.SAE:DSD_HW@DF_AVG_ANN_HRS_WKD(1.0),Average annual hours actually worked per worker,I,ROU,Romania,HW,Hours worked,H_Y_PS,Hours per year per person,_Z,Not applicable,_Z,Not applicable,EMP,Employment,A,Annual,ACTUAL,Actual,_T,Total,_Z,Not applicable,MEAN,Mean,_Z,Not applicable,_T,Total,2021,,1824,,A,Normal value,0,Units,0,Zero
DATAFLOW,OECD.ELS.SAE:DSD_HW@DF_AVG_ANN_HRS_WKD(1.0),Average annual hours actually worked per worker,I,EU27,European Union (27 countries),HW,Hours worked,H_Y_PS,Hours per year per person,_Z,Not applicable,_Z,Not applicable,EMP,Employment,A,Annual,ACTUAL,Actual,_T,Total,_Z,Not applicable,MEAN,Mean,_Z,Not applicable,_T,Total,2019,,1593,,A,Normal value,0,Units,0,Zero
DATAFLOW,OECD.ELS.SAE:DSD_HW@DF_AVG_ANN_HRS_WKD(1.0),Average annual hours actually worked per worker,I,EU27,European Union (27 countries),HW,Hours worked,H_Y_PS,Hours per year per person,_Z,Not applicable,_Z,Not applicable,EMP,Employment,A,Annual,ACTUAL,Actual,_T,Total,_Z,Not applicable,MEAN,Mean,_Z,Not applicable,_T,Total,2018,,1598,,A,Normal value,0,Units,0,Zero
DATAFLOW,OECD.ELS.SAE:DSD_HW@DF_AVG_ANN_HRS_WKD(1.0),Average annual hours actually worked per worker,I,EU27,European Union (27 countries),HW,Hours worked,H_Y_PS,Hours per year per person,_Z,Not applicable,_Z,Not applicable,EMP,Employment,A,Annual,ACTUAL,Actual,_T,Total,_Z,Not applicable,MEAN,Mean,_Z,Not applicable,_T,Total,2022,,1571,,A,Normal value,0,Units,0,Zero
DATAFLOW,OECD.ELS.SAE:DSD_HW@DF_AVG_ANN_HRS_WKD(1.0),Average annual hours actually worked per worker,I,EU27,European Union (27 countries),HW,Hours worked,H_Y_PS,Hours per year per person,_Z,Not applicable,_Z,Not applicable,EMP,Employment,A,Annual,ACTUAL,Actual,_T,Total,_Z,Not applicable,MEAN,Mean,_Z,Not applicable,_T,Total,2021,,1560,,A,Normal value,0,Units,0,Zero
DATAFLOW,OECD.ELS.SAE:DSD_HW@DF_AVG_ANN_HRS_WKD(1.0),Average annual hours actually worked per worker,I,DEU,Germany,HW,Hours worked,H_Y_PS,Hours per year per person,_Z,Not applicable,_Z,Not applicable,EMP,Employment,A,Annual,ACTUAL,Actual,_T,Total,_Z,Not applicable,MEAN,Mean,_Z,Not applicable,_T,Total,2022,,1346.8,,A,Normal value,0,Units,0,Zero
DATAFLOW,OECD.ELS.SAE:DSD_HW@DF_AVG_ANN_HRS_WKD(1.0),Average annual hours actually worked per worker,I,DEU,Germany,HW,Hours worked,H_Y_PS,Hours per year per person,_Z,Not applicable,_Z,Not applicable,EMP,Employment,A,Annual,ACTUAL,Actual,_T,Total,_Z,Not applicable,MEAN,Mean,_Z,Not applicable,_T,Total,2021,,1347.6,,A,Normal value,0,Units,0,Zero
DATAFLOW,OECD.ELS.SAE:DSD_HW@DF_AVG_ANN_HRS_WKD(1.0),Average annual hours actually worked per worker,I,COL,Colombia,HW,Hours worked,H_Y_PS,Hours per year per person,_Z,Not applicable,_Z,Not applicable,EMP,Employment,A,Annual,ACTUAL,Actual,_T,Total,_Z,Not applicable,MEAN,Mean,_Z,Not applicable,_T,Total,2020,,2069,,A,Normal value,0,Units,0,Zero
DATAFLOW,OECD.ELS.SAE:DSD_HW@DF_AVG_ANN_HRS_WKD(1.0),Average annual hours actually worked per worker,I,COL,Colombia,HW,Hours worked,H_Y_PS,Hours per year per person,_Z,Not applicable,_Z,Not applicable,EMP,Employment,A,Annual,ACTUAL,Actual,_T,Total,_Z,Not applicable,MEAN,Mean,_Z,Not applicable,_T,Total,2022,,2297,,,,0,Units,0,Zero
DATAFLOW,OECD.ELS.SAE:DSD_HW@DF_AVG_ANN_HRS_WKD(1.0),Average annual hours actually worked per worker,I,GRC,Greece,HW,Hours worked,H_Y_PS,Hours per year per person,_Z,Not applicable,_Z,Not applicable,EMP,Employment,A,Annual,ACTUAL,Actual,_T,Total,_Z,Not applicable,MEAN,Mean,_Z,Not applicable,_T,Total,2022,,1886,,A,Normal value,0,Units,0,Zero
DATAFLOW,OECD.ELS.SAE:DSD_HW@DF_AVG_ANN_HRS_WKD(1.0),Average annual hours actually worked per worker,I,GRC,Greece,HW,Hours worked,H_Y_PS,Hours per year per person,_Z,Not applicable,_Z,Not applicable,EMP,Employment,A,Annual,ACTUAL,Actual,_T,Total,_Z,Not applicable,MEAN,Mean,_Z,Not applicable,_T,Total,2021,,1854,,A,Normal value,0,Units,0,Zero
DATAFLOW,OECD.ELS.SAE:DSD_HW@DF_AVG_ANN_HRS_WKD(1.0),Average annual hours actually worked per worker,I,KOR,South Korea,HW,Hours worked,H_Y_PS,Hours per year per person,_Z,Not applicable,_Z,Not applicable,EMP,Employment,A,Annual,ACTUAL,Actual,_T,Total,_Z,Not applicable,MEAN,Mean,_Z,Not applicable,_T,Total,2019,,1967,,A,Normal value,0,Units,0,Zero
DATAFLOW,OECD.ELS.SAE:DSD_HW@DF_AVG_ANN_HRS_WKD(1.0),Average annual hours actually worked per worker,I,KOR,South Korea,HW,Hours worked,H_Y_PS,Hours per year per person,_Z,Not applicable,_Z,Not applicable,EMP,Employment,A,Annual,ACTUAL,Actual,_T,Total,_Z,Not applicable,MEAN,Mean,_Z,Not applicable,_T,Total,2018,,1993,,A,Normal value,0,Units,0,Zero
DATAFLOW,OECD.ELS.SAE:DSD_HW@DF_AVG_ANN_HRS_WKD(1.0),Average annual hours actually worked per worker,I,KOR,South Korea,HW,Hours worked,H_Y_PS,Hours per year per person,_Z,Not applicable,_Z,Not applicable,EMP,Employment,A,Annual,ACTUAL,Actual,_T,Total,_Z,Not applicable,MEAN,Mean,_Z,Not applicable,_T,Total,2022,,1901,,A,Normal value,0,Units,0,Zero
DATAFLOW,OECD.ELS.SAE:DSD_HW@DF_AVG_ANN_HRS_WKD(1.0),Average annual hours actually worked per worker,I,KOR,South Korea,HW,Hours worked,H_Y_PS,Hours per year per person,_Z,Not applicable,_Z,Not applicable,EMP,Employment,A,Annual,ACTUAL,Actual,_T,Total,_Z,Not applicable,MEAN,Mean,_Z,Not applicable,_T,Total,2021,,1910,,A,Normal value,0,Units,0,Zero
DATAFLOW,OECD.ELS.SAE:DSD_HW@DF_AVG_ANN_HRS_WKD(1.0),Average annual hours actually worked per worker,I,CYP,Cyprus,HW,Hours worked,H_Y_PS,Hours per year per person,_Z,Not applicable,_Z,Not applicable,EMP,Employment,A,Annual,ACTUAL,Actual,_T,Total,_Z,Not applicable,MEAN,Mean,_Z,Not applicable,_T,Total,2019,,1823,,A,Normal value,0,Units,0,Zero
DATAFLOW,OECD.ELS.SAE:DSD_HW@DF_AVG_ANN_HRS_WKD(1.0),Average annual hours actually worked per worker,I,CYP,Cyprus,HW,Hours worked,H_Y_PS,Hours per year per person,_Z,Not applicable,_Z,Not applicable,EMP,Employment,A,Annual,ACTUAL,Actual,_T,Total,_Z,Not applicable,MEAN,Mean,_Z,Not applicable,_T,Total,2018,,1809,,A,Normal value,0,Units,0,Zero
DATAFLOW,OECD.ELS.SAE:DSD_HW@DF_AVG_ANN_HRS_WKD(1.0),Average annual hours actually worked per worker,I,CYP,Cyprus,HW,Hours worked,H_Y_PS,Hours per year per person,_Z,Not applicable,_Z,Not applicable,EMP,Employment,A,Annual,ACTUAL,Actual,_T,Total,_Z,Not applicable,MEAN,Mean,_Z,Not applicable,_T,Total,2022,,1810,,A,Normal value,0,Units,0,Zero
DATAFLOW,OECD.ELS.SAE:DSD_HW@DF_AVG_ANN_HRS_WKD(1.0),Average annual hours actually worked per worker,I,CYP,Cyprus,HW,Hours worked,H_Y_PS,Hours per year per person,_Z,Not applicable,_Z,Not applicable,EMP,Employment,A,Annual,ACTUAL,Actual,_T,Total,_Z,Not applicable,MEAN,Mean,_Z,Not applicable,_T,Total,2021,,1789,,A,Normal value,0,Units,0,Zero
DATAFLOW,OECD.ELS.SAE:DSD_HW@DF_AVG_ANN_HRS_WKD(1.0),Average annual hours actually worked per worker,I,AUT,Austria,HW,Hours worked,H_Y_PS,Hours per year per person,_Z,Not applicable,_Z,Not applicable,EMP,Employment,A,Annual,ACTUAL,Actual,_T,Total,_Z,Not applicable,MEAN,Mean,_Z,Not applicable,_T,Total,2019,,1510,,A,Normal value,0,Units,0,Zero
DATAFLOW,OECD.ELS.SAE:DSD_HW@DF_AVG_ANN_HRS_WKD(1.0),Average annual hours actually worked per worker,I,AUT,Austria,HW,Hours worked,H_Y_PS,Hours per year per person,_Z,Not applicable,_Z,Not applicable,EMP,Employment,A,Annual,ACTUAL,Actual,_T,Total,_Z,Not applicable,MEAN,Mean,_Z,Not applicable,_T,Total,2018,,1502,,A,Normal value,0,Units,0,Zero
DATAFLOW,OECD.ELS.SAE:DSD_HW@DF_AVG_ANN_HRS_WKD(1.0),Average annual hours actually worked per worker,I,AUT,Austria,HW,Hours worked,H_Y_PS,Hours per year per person,_Z,Not applicable,_Z,Not applicable,EMP,Employment,A,Annual,ACTUAL,Actual,_T,Total,_Z,Not applicable,MEAN,Mean,_Z,Not applicable,_T,Total,2022,,1435,,A,Normal value,0,Units,0,Zero
DATAFLOW,OECD.ELS.SAE:DSD_HW@DF_AVG_ANN_HRS_WKD(1.0),Average annual hours actually worked per worker,I,AUT,Austria,HW,Hours worked,H_Y_PS,Hours per year per person,_Z,Not applicable,_Z,Not applicable,EMP,Employment,A,Annual,ACTUAL,Actual,_T,Total,_Z,Not applicable,MEAN,Mean,_Z,Not applicable,_T,Total,2021,,1437,,A,Normal value,0,Units,0,Zero
DATAFLOW,OECD.ELS.SAE:DSD_HW@DF_AVG_ANN_HRS_WKD(1.0),Average annual hours actually worked per worker,I,ITA,Italy,HW,Hours worked,H_Y_PS,Hours per year per person,_Z,Not applicable,_Z,Not applicable,EMP,Employment,A,Annual,ACTUAL,Actual,_T,Total,_Z,Not applicable,MEAN,Mean,_Z,Not applicable,_T,Total,2019,,1710,,A,Normal value,0,Units,0,Zero
DATAFLOW,OECD.ELS.SAE:DSD_HW@DF_AVG_ANN_HRS_WKD(1.0),Average annual hours actually worked per worker,I,ITA,Italy,HW,Hours worked,H_Y_PS,Hours per year per person,_Z,Not applicable,_Z,Not applicable,EMP,Employment,A,Annual,ACTUAL,Actual,_T,Total,_Z,Not applicable,MEAN,Mean,_Z,Not applicable,_T,Total,2018,,1719,,A,Normal value,0,Units,0,Zero
DATAFLOW,OECD.ELS.SAE:DSD_HW@DF_AVG_ANN_HRS_WKD(1.0),Average annual hours actually worked per worker,I,ITA,Italy,HW,Hours worked,H_Y_PS,Hours per year per person,_Z,Not applicable,_Z,Not applicable,EMP,Employment,A,Annual,ACTUAL,Actual,_T,Total,_Z,Not applicable,MEAN,Mean,_Z,Not applicable,_T,Total,2022,,1726,,A,Normal value,0,Units,0,Zero
DATAFLOW,OECD.ELS.SAE:DSD_HW@DF_AVG_ANN_HRS_WKD(1.0),Average annual hours actually worked per worker,I,ITA,Italy,HW,Hours worked,H_Y_PS,Hours per year per person,_Z,Not applicable,_Z,Not applicable,EMP,Employment,A,Annual,ACTUAL,Actual,_T,Total,_Z,Not applicable,MEAN,Mean,_Z,Not applicable,_T,Total,2021,,1686,,A,Normal value,0,Units,0,Zero
DATAFLOW,OECD.ELS.SAE:DSD_HW@DF_AVG_ANN_HRS_WKD(1.0),Average annual hours actually worked per worker,I,ESP,Spain,HW,Hours worked,H_Y_PS,Hours per year per person,_Z,Not applicable,_Z,Not applicable,EMP,Employment,A,Annual,ACTUAL,Actual,_T,Total,_Z,Not applicable,MEAN,Mean,_Z,Not applicable,_T,Total,2022,,1652.2,,A,Normal value,0,Units,0,Zero
DATAFLOW,OECD.ELS.SAE:DSD_HW@DF_AVG_ANN_HRS_WKD(1.0),Average annual hours actually worked per worker,I,ESP,Spain,HW,Hours worked,H_Y_PS,Hours per year per person,_Z,Not applicable,_Z,Not applicable,EMP,Employment,A,Annual,ACTUAL,Actual,_T,Total,_Z,Not applicable,MEAN,Mean,_Z,Not applicable,_T,Total,2021,,1633,,A,Normal value,0,Units,0,Zero
DATAFLOW,OECD.ELS.SAE:DSD_HW@DF_AVG_ANN_HRS_WKD(1.0),Average annual hours actually worked per worker,I,ESP,Spain,HW,Hours worked,H_Y_PS,Hours per year per person,_Z,Not applicable,_Z,Not applicable,EMP,Employment,A,Annual,ACTUAL,Actual,_T,Total,_Z,Not applicable,MEAN,Mean,_Z,Not applicable,_T,Total,2020,,1557.8,,A,Normal value,0,Units,0,Zero
DATAFLOW,OECD.ELS.SAE:DSD_HW@DF_AVG_ANN_HRS_WKD(1.0),Average annual hours actually worked per worker,I,ESP,Spain,HW,Hours worked,H_Y_PS,Hours per year per person,_Z,Not applicable,_Z,Not applicable,EMP,Employment,A,Annual,ACTUAL,Actual,_T,Total,_Z,Not applicable,MEAN,Mean,_Z,Not applicable,_T,Total,2019,,1677.5,,A,Normal value,0,Units,0,Zero
DATAFLOW,OECD.ELS.SAE:DSD_HW@DF_AVG_ANN_HRS_WKD(1.0),Average annual hours actually worked per worker,I,GBR,United Kingdom,HW,Hours worked,H_Y_PS,Hours per year per person,_Z,Not applicable,_Z,Not applicable,EMP,Employment,A,Annual,ACTUAL,Actual,_T,Total,_Z,Not applicable,MEAN,Mean,_Z,Not applicable,_T,Total,2019,,1537,,A,Normal value,0,Units,0,Zero
DATAFLOW,OECD.ELS.SAE:DSD_HW@DF_AVG_ANN_HRS_WKD(1.0),Average annual hours actually worked per worker,I,GBR,United Kingdom,HW,Hours worked,H_Y_PS,Hours per year per person,_Z,Not applicable,_Z,Not applicable,EMP,Employment,A,Annual,ACTUAL,Actual,_T,Total,_Z,Not applicable,MEAN,Mean,_Z,Not applicable,_T,Total,2018,,1536,,A,Normal value,0,Units,0,Zero
DATAFLOW,OECD.ELS.SAE:DSD_HW@DF_AVG_ANN_HRS_WKD(1.0),Average annual hours actually worked per worker,I,GBR,United Kingdom,HW,Hours worked,H_Y_PS,Hours per year per person,_Z,Not applicable,_Z,Not applicable,EMP,Employment,A,Annual,ACTUAL,Actual,_T,Total,_Z,Not applicable,MEAN,Mean,_Z,Not applicable,_T,Total,2022,,1531,,A,Normal value,0,Units,0,Zero
DATAFLOW,OECD.ELS.SAE:DSD_HW@DF_AVG_ANN_HRS_WKD(1.0),Average annual hours actually worked per worker,I,GBR,United Kingdom,HW,Hours worked,H_Y_PS,Hours per year per person,_Z,Not applicable,_Z,Not applicable,EMP,Employment,A,Annual,ACTUAL,Actual,_T,Total,_Z,Not applicable,MEAN,Mean,_Z,Not applicable,_T,Total,2021,,1498,,A,Normal value,0,Units,0,Zero
DATAFLOW,OECD.ELS.SAE:DSD_HW@DF_AVG_ANN_HRS_WKD(1.0),Average annual hours actually worked per worker,I,LTU,Lithuania,HW,Hours worked,H_Y_PS,Hours per year per person,_Z,Not applicable,_Z,Not applicable,EMP,Employment,A,Annual,ACTUAL,Actual,_T,Total,_Z,Not applicable,MEAN,Mean,_Z,Not applicable,_T,Total,2019,,1665,,A,Normal value,0,Units,0,Zero
DATAFLOW,OECD.ELS.SAE:DSD_HW@DF_AVG_ANN_HRS_WKD(1.0),Average annual hours actually worked per worker,I,LTU,Lithuania,HW,Hours worked,H_Y_PS,Hours per year per person,_Z,Not applicable,_Z,Not applicable,EMP,Employment,A,Annual,ACTUAL,Actual,_T,Total,_Z,Not applicable,MEAN,Mean,_Z,Not applicable,_T,Total,2018,,1664,,A,Normal value,0,Units,0,Zero
DATAFLOW,OECD.ELS.SAE:DSD_HW@DF_AVG_ANN_HRS_WKD(1.0),Average annual hours actually worked per worker,I,LTU,Lithuania,HW,Hours worked,H_Y_PS,Hours per year per person,_Z,Not applicable,_Z,Not applicable,EMP,Employment,A,Annual,ACTUAL,Actual,_T,Total,_Z,Not applicable,MEAN,Mean,_Z,Not applicable,_T,Total,2022,,1624,,A,Normal value,0,Units,0,Zero
DATAFLOW,OECD.ELS.SAE:DSD_HW@DF_AVG_ANN_HRS_WKD(1.0),Average annual hours actually worked per worker,I,LTU,Lithuania,HW,Hours worked,H_Y_PS,Hours per year per person,_Z,Not applicable,_Z,Not applicable,EMP,Employment,A,Annual,ACTUAL,Actual,_T,Total,_Z,Not applicable,MEAN,Mean,_Z,Not applicable,_T,Total,2021,,1620,,A,Normal value,0,Units,0,Zero
DATAFLOW,OECD.ELS.SAE:DSD_HW@DF_AVG_ANN_HRS_WKD(1.0),Average annual hours actually worked per worker,I,OECD,OECD,HW,Hours worked,H_Y_PS,Hours per year per person,_Z,Not applicable,_Z,Not applicable,EMP,Employment,A,Annual,ACTUAL,Actual,_T,Total,_Z,Not applicable,MEAN,Mean,_Z,Not applicable,_T,Total,2019,,1764,,A,Normal value,0,Units,0,Zero
DATAFLOW,OECD.ELS.SAE:DSD_HW@DF_AVG_ANN_HRS_WKD(1.0),Average annual hours actually worked per worker,I,OECD,OECD,HW,Hours worked,H_Y_PS,Hours per year per person,_Z,Not applicable,_Z,Not applicable,EMP,Employment,A,Annual,ACTUAL,Actual,_T,Total,_Z,Not applicable,MEAN,Mean,_Z,Not applicable,_T,Total,2018,,1775,,A,Normal value,0,Units,0,Zero
DATAFLOW,OECD.ELS.SAE:DSD_HW@DF_AVG_ANN_HRS_WKD(1.0),Average annual hours actually worked per worker,I,OECD,OECD,HW,Hours worked,H_Y_PS,Hours per year per person,_Z,Not applicable,_Z,Not applicable,EMP,Employment,A,Annual,ACTUAL,Actual,_T,Total,_Z,Not applicable,MEAN,Mean,_Z,Not applicable,_T,Total,2022,,1746,,A,Normal value,0,Units,0,Zero
DATAFLOW,OECD.ELS.SAE:DSD_HW@DF_AVG_ANN_HRS_WKD(1.0),Average annual hours actually worked per worker,I,OECD,OECD,HW,Hours worked,H_Y_PS,Hours per year per person,_Z,Not applicable,_Z,Not applicable,EMP,Employment,A,Annual,ACTUAL,Actual,_T,Total,_Z,Not applicable,MEAN,Mean,_Z,Not applicable,_T,Total,2021,,1739,,A,Normal value,0,Units,0,Zero
DATAFLOW,OECD.ELS.SAE:DSD_HW@DF_AVG_ANN_HRS_WKD(1.0),Average annual hours actually worked per worker,I,CAN,Canada,HW,Hours worked,H_Y_PS,Hours per year per person,_Z,Not applicable,_Z,Not applicable,EMP,Employment,A,Annual,ACTUAL,Actual,_T,Total,_Z,Not applicable,MEAN,Mean,_Z,Not applicable,_T,Total,2019,,1691,,A,Normal value,0,Units,0,Zero
DATAFLOW,OECD.ELS.SAE:DSD_HW@DF_AVG_ANN_HRS_WKD(1.0),Average annual hours actually worked per worker,I,CAN,Canada,HW,Hours worked,H_Y_PS,Hours per year per person,_Z,Not applicable,_Z,Not applicable,EMP,Employment,A,Annual,ACTUAL,Actual,_T,Total,_Z,Not applicable,MEAN,Mean,_Z,Not applicable,_T,Total,2020,,1653,,A,Normal value,0,Units,0,Zero
DATAFLOW,OECD.ELS.SAE:DSD_HW@DF_AVG_ANN_HRS_WKD(1.0),Average annual hours actually worked per worker,I,CAN,Canada,HW,Hours worked,H_Y_PS,Hours per year per person,_Z,Not applicable,_Z,Not applicable,EMP,Employment,A,Annual,ACTUAL,Actual,_T,Total,_Z,Not applicable,MEAN,Mean,_Z,Not applicable,_T,Total,2018,,1702,,A,Normal value,0,Units,0,Zero
DATAFLOW,OECD.ELS.SAE:DSD_HW@DF_AVG_ANN_HRS_WKD(1.0),Average annual hours actually worked per worker,I,CAN,Canada,HW,Hours worked,H_Y_PS,Hours per year per person,_Z,Not applicable,_Z,Not applicable,EMP,Employment,A,Annual,ACTUAL,Actual,_T,Total,_Z,Not applicable,MEAN,Mean,_Z,Not applicable,_T,Total,2022,,1686,,A,Normal value,0,Units,0,Zero
DATAFLOW,OECD.ELS.SAE:DSD_HW@DF_AVG_ANN_HRS_WKD(1.0),Average annual hours actually worked per worker,I,CHE,Switzerland,HW,Hours worked,H_Y_PS,Hours per year per person,_Z,Not applicable,_Z,Not applicable,EMP,Employment,A,Annual,ACTUAL,Actual,_T,Total,_Z,Not applicable,MEAN,Mean,_Z,Not applicable,_T,Total,2021,,1531.2,,A,Normal value,0,Units,0,Zero
DATAFLOW,OECD.ELS.SAE:DSD_HW@DF_AVG_ANN_HRS_WKD(1.0),Average annual hours actually worked per worker,I,CHE,Switzerland,HW,Hours worked,H_Y_PS,Hours per year per person,_Z,Not applicable,_Z,Not applicable,EMP,Employment,A,Annual,ACTUAL,Actual,_T,Total,_Z,Not applicable,MEAN,Mean,_Z,Not applicable,_T,Total,2020,,1498.8,,A,Normal value,0,Units,0,Zero
DATAFLOW,OECD.ELS.SAE:DSD_HW@DF_AVG_ANN_HRS_WKD(1.0),Average annual hours actually worked per worker,I,CHE,Switzerland,HW,Hours worked,H_Y_PS,Hours per year per person,_Z,Not applicable,_Z,Not applicable,EMP,Employment,A,Annual,ACTUAL,Actual,_T,Total,_Z,Not applicable,MEAN,Mean,_Z,Not applicable,_T,Total,2019,,1549,,A,Normal value,0,Units,0,Zero
DATAFLOW,OECD.ELS.SAE:DSD_HW@DF_AVG_ANN_HRS_WKD(1.0),Average annual hours actually worked per worker,I,CHE,Switzerland,HW,Hours worked,H_Y_PS,Hours per year per person,_Z,Not applicable,_Z,Not applicable,EMP,Employment,A,Annual,ACTUAL,Actual,_T,Total,_Z,Not applicable,MEAN,Mean,_Z,Not applicable,_T,Total,2018,,1551,,A,Normal value,0,Units,0,Zero
DATAFLOW,OECD.ELS.SAE:DSD_HW@DF_AVG_ANN_HRS_WKD(1.0),Average annual hours actually worked per worker,I,MLT,Malta,HW,Hours worked,H_Y_PS,Hours per year per person,_Z,Not applicable,_Z,Not applicable,EMP,Employment,A,Annual,ACTUAL,Actual,_T,Total,_Z,Not applicable,MEAN,Mean,_Z,Not applicable,_T,Total,2019,,2067,,A,Normal value,0,Units,0,Zero
DATAFLOW,OECD.ELS.SAE:DSD_HW@DF_AVG_ANN_HRS_WKD(1.0),Average annual hours actually worked per worker,I,MLT,Malta,HW,Hours worked,H_Y_PS,Hours per year per person,_Z,Not applicable,_Z,Not applicable,EMP,Employment,A,Annual,ACTUAL,Actual,_T,Total,_Z,Not applicable,MEAN,Mean,_Z,Not applicable,_T,Total,2018,,1994,,A,Normal value,0,Units,0,Zero
DATAFLOW,OECD.ELS.SAE:DSD_HW@DF_AVG_ANN_HRS_WKD(1.0),Average annual hours actually worked per worker,I,MLT,Malta,HW,Hours worked,H_Y_PS,Hours per year per person,_Z,Not applicable,_Z,Not applicable,EMP,Employment,A,Annual,ACTUAL,Actual,_T,Total,_Z,Not applicable,MEAN,Mean,_Z,Not applicable,_T,Total,2022,,1876,,A,Normal value,0,Units,0,Zero
DATAFLOW,OECD.ELS.SAE:DSD_HW@DF_AVG_ANN_HRS_WKD(1.0),Average annual hours actually worked per worker,I,MLT,Malta,HW,Hours worked,H_Y_PS,Hours per year per person,_Z,Not applicable,_Z,Not applicable,EMP,Employment,A,Annual,ACTUAL,Actual,_T,Total,_Z,Not applicable,MEAN,Mean,_Z,Not applicable,_T,Total,2021,,1914,,A,Normal value,0,Units,0,Zero
DATAFLOW,OECD.ELS.SAE:DSD_HW@DF_AVG_ANN_HRS_WKD(1.0),Average annual hours actually worked per worker,I,ISR,Israel,HW,Hours worked,H_Y_PS,Hours per year per person,_Z,Not applicable,_Z,Not applicable,EMP,Employment,A,Annual,ACTUAL,Actual,_T,Total,_Z,Not applicable,MEAN,Mean,_Z,Not applicable,_T,Total,2019,,1895,,A,Normal value,0,Units,0,Zero
DATAFLOW,OECD.ELS.SAE:DSD_HW@DF_AVG_ANN_HRS_WKD(1.0),Average annual hours actually worked per worker,I,ISR,Israel,HW,Hours worked,H_Y_PS,Hours per year per person,_Z,Not applicable,_Z,Not applicable,EMP,Employment,A,Annual,ACTUAL,Actual,_T,Total,_Z,Not applicable,MEAN,Mean,_Z,Not applicable,_T,Total,2018,,1911,,A,Normal value,0,Units,0,Zero
DATAFLOW,OECD.ELS.SAE:DSD_HW@DF_AVG_ANN_HRS_WKD(1.0),Average annual hours actually worked per worker,I,ISR,Israel,HW,Hours worked,H_Y_PS,Hours per year per person,_Z,Not applicable,_Z,Not applicable,EMP,Employment,A,Annual,ACTUAL,Actual,_T,Total,_Z,Not applicable,MEAN,Mean,_Z,Not applicable,_T,Total,2022,,1891,,A,Normal value,0,Units,0,Zero
DATAFLOW,OECD.ELS.SAE:DSD_HW@DF_AVG_ANN_HRS_WKD(1.0),Average annual hours actually worked per worker,I,ISR,Israel,HW,Hours worked,H_Y_PS,Hours per year per person,_Z,Not applicable,_Z,Not applicable,EMP,Employment,A,Annual,ACTUAL,Actual,_T,Total,_Z,Not applicable,MEAN,Mean,_Z,Not applicable,_T,Total,2021,,1877,,A,Normal value,0,Units,0,Zero
DATAFLOW,OECD.ELS.SAE:DSD_HW@DF_AVG_ANN_HRS_WKD(1.0),Average annual hours actually worked per worker,I,HRV,Croatia,HW,Hours worked,H_Y_PS,Hours per year per person,_Z,Not applicable,_Z,Not applicable,EMP,Employment,A,Annual,ACTUAL,Actual,_T,Total,_Z,Not applicable,MEAN,Mean,_Z,Not applicable,_T,Total,2019,,1838,,A,Normal value,0,Units,0,Zero
DATAFLOW,OECD.ELS.SAE:DSD_HW@DF_AVG_ANN_HRS_WKD(1.0),Average annual hours actually worked per worker,I,HRV,Croatia,HW,Hours worked,H_Y_PS,Hours per year per person,_Z,Not applicable,_Z,Not applicable,EMP,Employment,A,Annual,ACTUAL,Actual,_T,Total,_Z,Not applicable,MEAN,Mean,_Z,Not applicable,_T,Total,2018,,1811,,A,Normal value,0,Units,0,Zero
DATAFLOW,OECD.ELS.SAE:DSD_HW@DF_AVG_ANN_HRS_WKD(1.0),Average annual hours actually worked per worker,I,HRV,Croatia,HW,Hours worked,H_Y_PS,Hours per year per person,_Z,Not applicable,_Z,Not applicable,EMP,Employment,A,Annual,ACTUAL,Actual,_T,Total,_Z,Not applicable,MEAN,Mean,_Z,Not applicable,_T,Total,2022,,1837,,A,Normal value,0,Units,0,Zero
DATAFLOW,OECD.ELS.SAE:DSD_HW@DF_AVG_ANN_HRS_WKD(1.0),Average annual hours actually worked per worker,I,HRV,Croatia,HW,Hours worked,H_Y_PS,Hours per year per person,_Z,Not applicable,_Z,Not applicable,EMP,Employment,A,Annual,ACTUAL,Actual,_T,Total,_Z,Not applicable,MEAN,Mean,_Z,Not applicable,_T,Total,2021,,1835,,A,Normal value,0,Units,0,Zero
DATAFLOW,OECD.ELS.SAE:DSD_HW@DF_AVG_ANN_HRS_WKD(1.0),Average annual hours actually worked per worker,I,IRL,Ireland,HW,Hours worked,H_Y_PS,Hours per year per person,_Z,Not applicable,_Z,Not applicable,EMP,Employment,A,Annual,ACTUAL,Actual,_T,Total,_Z,Not applicable,MEAN,Mean,_Z,Not applicable,_T,Total,2019,,1742,,A,Normal value,0,Units,0,Zero
DATAFLOW,OECD.ELS.SAE:DSD_HW@DF_AVG_ANN_HRS_WKD(1.0),Average annual hours actually worked per worker,I,IRL,Ireland,HW,Hours worked,H_Y_PS,Hours per year per person,_Z,Not applicable,_Z,Not applicable,EMP,Employment,A,Annual,ACTUAL,Actual,_T,Total,_Z,Not applicable,MEAN,Mean,_Z,Not applicable,_T,Total,2018,,1742,,A,Normal value,0,Units,0,Zero
DATAFLOW,OECD.ELS.SAE:DSD_HW@DF_AVG_ANN_HRS_WKD(1.0),Average annual hours actually worked per worker,I,IRL,Ireland,HW,Hours worked,H_Y_PS,Hours per year per person,_Z,Not applicable,_Z,Not applicable,EMP,Employment,A,Annual,ACTUAL,Actual,_T,Total,_Z,Not applicable,MEAN,Mean,_Z,Not applicable,_T,Total,2022,,1657,,A,Normal value,0,Units,0,Zero
DATAFLOW,OECD.ELS.SAE:DSD_HW@DF_AVG_ANN_HRS_WKD(1.0),Average annual hours actually worked per worker,I,IRL,Ireland,HW,Hours worked,H_Y_PS,Hours per year per person,_Z,Not applicable,_Z,Not applicable,EMP,Employment,A,Annual,ACTUAL,Actual,_T,Total,_Z,Not applicable,MEAN,Mean,_Z,Not applicable,_T,Total,2021,,1627,,A,Normal value,0,Units,0,Zero
DATAFLOW,OECD.ELS.SAE:DSD_HW@DF_AVG_ANN_HRS_WKD(1.0),Average annual hours actually worked per worker,I,CHL,Chile,HW,Hours worked,H_Y_PS,Hours per year per person,_Z,Not applicable,_Z,Not applicable,EMP,Employment,A,Annual,ACTUAL,Actual,_T,Total,_Z,Not applicable,MEAN,Mean,_Z,Not applicable,_T,Total,2019,,1940,,A,Normal value,0,Units,0,Zero
DATAFLOW,OECD.ELS.SAE:DSD_HW@DF_AVG_ANN_HRS_WKD(1.0),Average annual hours actually worked per worker,I,CHL,Chile,HW,Hours worked,H_Y_PS,Hours per year per person,_Z,Not applicable,_Z,Not applicable,EMP,Employment,A,Annual,ACTUAL,Actual,_T,Total,_Z,Not applicable,MEAN,Mean,_Z,Not applicable,_T,Total,2018,,1961,,A,Normal value,0,Units,0,Zero
DATAFLOW,OECD.ELS.SAE:DSD_HW@DF_AVG_ANN_HRS_WKD(1.0),Average annual hours actually worked per worker,I,CHL,Chile,HW,Hours worked,H_Y_PS,Hours per year per person,_Z,Not applicable,_Z,Not applicable,EMP,Employment,A,Annual,ACTUAL,Actual,_T,Total,_Z,Not applicable,MEAN,Mean,_Z,Not applicable,_T,Total,2022,,1966,,A,Normal value,0,Units,0,Zero
DATAFLOW,OECD.ELS.SAE:DSD_HW@DF_AVG_ANN_HRS_WKD(1.0),Average annual hours actually worked per worker,I,CHL,Chile,HW,Hours worked,H_Y_PS,Hours per year per person,_Z,Not applicable,_Z,Not applicable,EMP,Employment,A,Annual,ACTUAL,Actual,_T,Total,_Z,Not applicable,MEAN,Mean,_Z,Not applicable,_T,Total,2021,,1921,,A,Normal value,0,Units,0,Zero
DATAFLOW,OECD.ELS.SAE:DSD_HW@DF_AVG_ANN_HRS_WKD(1.0),Average annual hours actually worked per worker,I,EST,Estonia,HW,Hours worked,H_Y_PS,Hours per year per person,_Z,Not applicable,_Z,Not applicable,EMP,Employment,A,Annual,ACTUAL,Actual,_T,Total,_Z,Not applicable,MEAN,Mean,_Z,Not applicable,_T,Total,2019,,1694,,A,Normal value,0,Units,0,Zero
DATAFLOW,OECD.ELS.SAE:DSD_HW@DF_AVG_ANN_HRS_WKD(1.0),Average annual hours actually worked per worker,I,EST,Estonia,HW,Hours worked,H_Y_PS,Hours per year per person,_Z,Not applicable,_Z,Not applicable,EMP,Employment,A,Annual,ACTUAL,Actual,_T,Total,_Z,Not applicable,MEAN,Mean,_Z,Not applicable,_T,Total,2020,,1637,,A,Normal value,0,Units,0,Zero
DATAFLOW,OECD.ELS.SAE:DSD_HW@DF_AVG_ANN_HRS_WKD(1.0),Average annual hours actually worked per worker,I,EST,Estonia,HW,Hours worked,H_Y_PS,Hours per year per person,_Z,Not applicable,_Z,Not applicable,EMP,Employment,A,Annual,ACTUAL,Actual,_T,Total,_Z,Not applicable,MEAN,Mean,_Z,Not applicable,_T,Total,2018,,1707,,A,Normal value,0,Units,0,Zero
DATAFLOW,OECD.ELS.SAE:DSD_HW@DF_AVG_ANN_HRS_WKD(1.0),Average annual hours actually worked per worker,I,EST,Estonia,HW,Hours worked,H_Y_PS,Hours per year per person,_Z,Not applicable,_Z,Not applicable,EMP,Employment,A,Annual,ACTUAL,Actual,_T,Total,_Z,Not applicable,MEAN,Mean,_Z,Not applicable,_T,Total,2022,,1770,,A,Normal value,0,Units,0,Zero
DATAFLOW,OECD.ELS.SAE:DSD_HW@DF_AVG_ANN_HRS_WKD(1.0),Average annual hours actually worked per worker,I,BGR,Bulgaria,HW,Hours worked,H_Y_PS,Hours per year per person,_Z,Not applicable,_Z,Not applicable,EMP,Employment,A,Annual,ACTUAL,Actual,_T,Total,_Z,Not applicable,MEAN,Mean,_Z,Not applicable,_T,Total,2019,,1645,,A,Normal value,0,Units,0,Zero
DATAFLOW,OECD.ELS.SAE:DSD_HW@DF_AVG_ANN_HRS_WKD(1.0),Average annual hours actually worked per worker,I,BGR,Bulgaria,HW,Hours worked,H_Y_PS,Hours per year per person,_Z,Not applicable,_Z,Not applicable,EMP,Employment,A,Annual,ACTUAL,Actual,_T,Total,_Z,Not applicable,MEAN,Mean,_Z,Not applicable,_T,Total,2018,,1645,,A,Normal value,0,Units,0,Zero
DATAFLOW,OECD.ELS.SAE:DSD_HW@DF_AVG_ANN_HRS_WKD(1.0),Average annual hours actually worked per worker,I,BGR,Bulgaria,HW,Hours worked,H_Y_PS,Hours per year per person,_Z,Not applicable,_Z,Not applicable,EMP,Employment,A,Annual,ACTUAL,Actual,_T,Total,_Z,Not applicable,MEAN,Mean,_Z,Not applicable,_T,Total,2022,,1617,,A,Normal value,0,Units,0,Zero
DATAFLOW,OECD.ELS.SAE:DSD_HW@DF_AVG_ANN_HRS_WKD(1.0),Average annual hours actually worked per worker,I,BGR,Bulgaria,HW,Hours worked,H_Y_PS,Hours per year per person,_Z,Not applicable,_Z,Not applicable,EMP,Employment,A,Annual,ACTUAL,Actual,_T,Total,_Z,Not applicable,MEAN,Mean,_Z,Not applicable,_T,Total,2021,,1619,,A,Normal value,0,Units,0,Zero
DATAFLOW,OECD.ELS.SAE:DSD_HW@DF_AVG_ANN_HRS_WKD(1.0),Average annual hours actually worked per worker,I,NLD,Netherlands,HW,Hours worked,H_Y_PS,Hours per year per person,_Z,Not applicable,_Z,Not applicable,EMP,Employment,A,Annual,ACTUAL,Actual,_T,Total,_Z,Not applicable,MEAN,Mean,_Z,Not applicable,_T,Total,2019,,1451,,A,Normal value,0,Units,0,Zero
DATAFLOW,OECD.ELS.SAE:DSD_HW@DF_AVG_ANN_HRS_WKD(1.0),Average annual hours actually worked per worker,I,NLD,Netherlands,HW,Hours worked,H_Y_PS,Hours per year per person,_Z,Not applicable,_Z,Not applicable,EMP,Employment,A,Annual,ACTUAL,Actual,_T,Total,_Z,Not applicable,MEAN,Mean,_Z,Not applicable,_T,Total,2018,,1449,,A,Normal value,0,Units,0,Zero
DATAFLOW,OECD.ELS.SAE:DSD_HW@DF_AVG_ANN_HRS_WKD(1.0),Average annual hours actually worked per worker,I,NLD,Netherlands,HW,Hours worked,H_Y_PS,Hours per year per person,_Z,Not applicable,_Z,Not applicable,EMP,Employment,A,Annual,ACTUAL,Actual,_T,Total,_Z,Not applicable,MEAN,Mean,_Z,Not applicable,_T,Total,2022,,1415,,A,Normal value,0,Units,0,Zero
DATAFLOW,OECD.ELS.SAE:DSD_HW@DF_AVG_ANN_HRS_WKD(1.0),Average annual hours actually worked per worker,I,NLD,Netherlands,HW,Hours worked,H_Y_PS,Hours per year per person,_Z,Not applicable,_Z,Not applicable,EMP,Employment,A,Annual,ACTUAL,Actual,_T,Total,_Z,Not applicable,MEAN,Mean,_Z,Not applicable,_T,Total,2021,,1412,,A,Normal value,0,Units,0,Zero
DATAFLOW,OECD.ELS.SAE:DSD_HW@DF_AVG_ANN_HRS_WKD(1.0),Average annual hours actually worked per worker,I,PRT,Portugal,HW,Hours worked,H_Y_PS,Hours per year per person,_Z,Not applicable,_Z,Not applicable,EMP,Employment,A,Annual,ACTUAL,Actual,_T,Total,_Z,Not applicable,MEAN,Mean,_Z,Not applicable,_T,Total,2019,,1744,,A,Normal value,0,Units,0,Zero
DATAFLOW,OECD.ELS.SAE:DSD_HW@DF_AVG_ANN_HRS_WKD(1.0),Average annual hours actually worked per worker,I,PRT,Portugal,HW,Hours worked,H_Y_PS,Hours per year per person,_Z,Not applicable,_Z,Not applicable,EMP,Employment,A,Annual,ACTUAL,Actual,_T,Total,_Z,Not applicable,MEAN,Mean,_Z,Not applicable,_T,Total,2018,,1738,,A,Normal value,0,Units,0,Zero
DATAFLOW,OECD.ELS.SAE:DSD_HW@DF_AVG_ANN_HRS_WKD(1.0),Average annual hours actually worked per worker,I,PRT,Portugal,HW,Hours worked,H_Y_PS,Hours per year per person,_Z,Not applicable,_Z,Not applicable,EMP,Employment,A,Annual,ACTUAL,Actual,_T,Total,_Z,Not applicable,MEAN,Mean,_Z,Not applicable,_T,Total,2022,,1635,,A,Normal value,0,Units,0,Zero
DATAFLOW,OECD.ELS.SAE:DSD_HW@DF_AVG_ANN_HRS_WKD(1.0),Average annual hours actually worked per worker,I,PRT,Portugal,HW,Hours worked,H_Y_PS,Hours per year per person,_Z,Not applicable,_Z,Not applicable,EMP,Employment,A,Annual,ACTUAL,Actual,_T,Total,_Z,Not applicable,MEAN,Mean,_Z,Not applicable,_T,Total,2021,,1649,,A,Normal value,0,Units,0,Zero
DATAFLOW,OECD.ELS.SAE:DSD_HW@DF_AVG_ANN_HRS_WKD(1.0),Average annual hours actually worked per worker,I,SVK,Slovak Republic,HW,Hours worked,H_Y_PS,Hours per year per person,_Z,Not applicable,_Z,Not applicable,EMP,Employment,A,Annual,ACTUAL,Actual,_T,Total,_Z,Not applicable,MEAN,Mean,_Z,Not applicable,_T,Total,2019,,1692,,A,Normal value,0,Units,0,Zero
DATAFLOW,OECD.ELS.SAE:DSD_HW@DF_AVG_ANN_HRS_WKD(1.0),Average annual hours actually worked per worker,I,SVK,Slovak Republic,HW,Hours worked,H_Y_PS,Hours per year per person,_Z,Not applicable,_Z,Not applicable,EMP,Employment,A,Annual,ACTUAL,Actual,_T,Total,_Z,Not applicable,MEAN,Mean,_Z,Not applicable,_T,Total,2018,,1704,,A,Normal value,0,Units,0,Zero
DATAFLOW,OECD.ELS.SAE:DSD_HW@DF_AVG_ANN_HRS_WKD(1.0),Average annual hours actually worked per worker,I,SVK,Slovak Republic,HW,Hours worked,H_Y_PS,Hours per year per person,_Z,Not applicable,_Z,Not applicable,EMP,Employment,A,Annual,ACTUAL,Actual,_T,Total,_Z,Not applicable,MEAN,Mean,_Z,Not applicable,_T,Total,2022,,1622,,A,Normal value,0,Units,0,Zero
DATAFLOW,OECD.ELS.SAE:DSD_HW@DF_AVG_ANN_HRS_WKD(1.0),Average annual hours actually worked per worker,I,SVK,Slovak Republic,HW,Hours worked,H_Y_PS,Hours per year per person,_Z,Not applicable,_Z,Not applicable,EMP,Employment,A,Annual,ACTUAL,Actual,_T,Total,_Z,Not applicable,MEAN,Mean,_Z,Not applicable,_T,Total,2021,,1583,,A,Normal value,0,Units,0,Zero
DATAFLOW,OECD.ELS.SAE:DSD_HW@DF_AVG_ANN_HRS_WKD(1.0),Average annual hours actually worked per worker,I,FIN,Finland,HW,Hours worked,H_Y_PS,Hours per year per person,_Z,Not applicable,_Z,Not applicable,EMP,Employment,A,Annual,ACTUAL,Actual,_T,Total,_Z,Not applicable,MEAN,Mean,_Z,Not applicable,_T,Total,2022,,1514,,A,Normal value,0,Units,0,Zero
DATAFLOW,OECD.ELS.SAE:DSD_HW@DF_AVG_ANN_HRS_WKD(1.0),Average annual hours actually worked per worker,I,FIN,Finland,HW,Hours worked,H_Y_PS,Hours per year per person,_Z,Not applicable,_Z,Not applicable,EMP,Employment,A,Annual,ACTUAL,Actual,_T,Total,_Z,Not applicable,MEAN,Mean,_Z,Not applicable,_T,Total,2021,,1528,,A,Normal value,0,Units,0,Zero
DATAFLOW,OECD.ELS.SAE:DSD_HW@DF_AVG_ANN_HRS_WKD(1.0),Average annual hours actually worked per worker,I,FIN,Finland,HW,Hours worked,H_Y_PS,Hours per year per person,_Z,Not applicable,_Z,Not applicable,EMP,Employment,A,Annual,ACTUAL,Actual,_T,Total,_Z,Not applicable,MEAN,Mean,_Z,Not applicable,_T,Total,2020,,1530,,A,Normal value,0,Units,0,Zero
DATAFLOW,OECD.ELS.SAE:DSD_HW@DF_AVG_ANN_HRS_WKD(1.0),Average annual hours actually worked per worker,I,PER,Peru,HW,Hours worked,H_Y_PS,Hours per year per person,_Z,Not applicable,_Z,Not applicable,EMP,Employment,A,Annual,ACTUAL,Actual,_T,Total,_Z,Not applicable,MEAN,Mean,_Z,Not applicable,_T,Total,2018,,2333,,,,0,Units,,
DATAFLOW,OECD.ELS.SAE:DSD_HW@DF_AVG_ANN_HRS_WKD(1.0),Average annual hours actually worked per worker,I,PER,Peru,HW,Hours worked,H_Y_PS,Hours per year per person,_Z,Not applicable,_Z,Not applicable,EMP,Employment,A,Annual,ACTUAL,Actual,_T,Total,_Z,Not applicable,MEAN,Mean,_Z,Not applicable,_T,Total,2022,,2248,,,,0,Units,,
DATAFLOW,OECD.ELS.SAE:DSD_HW@DF_AVG_ANN_HRS_WKD(1.0),Average annual hours actually worked per worker,I,PER,Peru,HW,Hours worked,H_Y_PS,Hours per year per person,_Z,Not applicable,_Z,Not applicable,EMP,Employment,A,Annual,ACTUAL,Actual,_T,Total,_Z,Not applicable,MEAN,Mean,_Z,Not applicable,_T,Total,2021,,2303,,,,0,Units,,
DATAFLOW,OECD.ELS.SAE:DSD_HW@DF_AVG_ANN_HRS_WKD(1.0),Average annual hours actually worked per worker,I,PER,Peru,HW,Hours worked,H_Y_PS,Hours per year per person,_Z,Not applicable,_Z,Not applicable,EMP,Employment,A,Annual,ACTUAL,Actual,_T,Total,_Z,Not applicable,MEAN,Mean,_Z,Not applicable,_T,Total,2020,,2253,,,,0,Units,,
DATAFLOW,OECD.ELS.SAE:DSD_HW@DF_AVG_ANN_HRS_WKD(1.0),Average annual hours actually worked per worker,I,PER,Peru,HW,Hours worked,H_Y_PS,Hours per year per person,_Z,Not applicable,_Z,Not applicable,EMP,Employment,A,Annual,ACTUAL,Actual,_T,Total,_Z,Not applicable,MEAN,Mean,_Z,Not applicable,_T,Total,2019,,2329,,,,0,Units,,
DATAFLOW,OECD.ELS.SAE:DSD_HW@DF_AVG_ANN_HRS_WKD(1.0),Average annual hours actually worked per worker,I,SWE,Sweden,HW,Hours worked,H_Y_PS,Hours per year per person,_Z,Not applicable,_Z,Not applicable,EMP,Employment,A,Annual,ACTUAL,Actual,_T,Total,_Z,Not applicable,MEAN,Mean,_Z,Not applicable,_T,Total,2021,,1447,,A,Normal value,0,Units,0,Zero
DATAFLOW,OECD.ELS.SAE:DSD_HW@DF_AVG_ANN_HRS_WKD(1.0),Average annual hours actually worked per worker,I,SWE,Sweden,HW,Hours worked,H_Y_PS,Hours per year per person,_Z,Not applicable,_Z,Not applicable,EMP,Employment,A,Annual,ACTUAL,Actual,_T,Total,_Z,Not applicable,MEAN,Mean,_Z,Not applicable,_T,Total,2020,,1426,,A,Normal value,0,Units,0,Zero
DATAFLOW,OECD.ELS.SAE:DSD_HW@DF_AVG_ANN_HRS_WKD(1.0),Average annual hours actually worked per worker,I,SWE,Sweden,HW,Hours worked,H_Y_PS,Hours per year per person,_Z,Not applicable,_Z,Not applicable,EMP,Employment,A,Annual,ACTUAL,Actual,_T,Total,_Z,Not applicable,MEAN,Mean,_Z,Not applicable,_T,Total,2019,,1453,,A,Normal value,0,Units,0,Zero
DATAFLOW,OECD.ELS.SAE:DSD_HW@DF_AVG_ANN_HRS_WKD(1.0),Average annual hours actually worked per worker,I,USA,United States,HW,Hours worked,H_Y_PS,Hours per year per person,_Z,Not applicable,_Z,Not applicable,EMP,Employment,A,Annual,ACTUAL,Actual,_T,Total,_Z,Not applicable,MEAN,Mean,_Z,Not applicable,_T,Total,2019,,1817,,A,Normal value,0,Units,0,Zero
DATAFLOW,OECD.ELS.SAE:DSD_HW@DF_AVG_ANN_HRS_WKD(1.0),Average annual hours actually worked per worker,I,USA,United States,HW,Hours worked,H_Y_PS,Hours per year per person,_Z,Not applicable,_Z,Not applicable,EMP,Employment,A,Annual,ACTUAL,Actual,_T,Total,_Z,Not applicable,MEAN,Mean,_Z,Not applicable,_T,Total,2018,,1826,,A,Normal value,0,Units,0,Zero
DATAFLOW,OECD.ELS.SAE:DSD_HW@DF_AVG_ANN_HRS_WKD(1.0),Average annual hours actually worked per worker,I,USA,United States,HW,Hours worked,H_Y_PS,Hours per year per person,_Z,Not applicable,_Z,Not applicable,EMP,Employment,A,Annual,ACTUAL,Actual,_T,Total,_Z,Not applicable,MEAN,Mean,_Z,Not applicable,_T,Total,2022,,1804,,A,Normal value,0,Units,0,Zero
DATAFLOW,OECD.ELS.SAE:DSD_HW@DF_AVG_ANN_HRS_WKD(1.0),Average annual hours actually worked per worker,I,USA,United States,HW,Hours worked,H_Y_PS,Hours per year per person,_Z,Not applicable,_Z,Not applicable,EMP,Employment,A,Annual,ACTUAL,Actual,_T,Total,_Z,Not applicable,MEAN,Mean,_Z,Not applicable,_T,Total,2021,,1813,,A,Normal value,0,Units,0,Zero
DATAFLOW,OECD.ELS.SAE:DSD_HW@DF_AVG_ANN_HRS_WKD(1.0),Average annual hours actually worked per worker,I,LVA,Latvia,HW,Hours worked,H_Y_PS,Hours per year per person,_Z,Not applicable,_Z,Not applicable,EMP,Employment,A,Annual,ACTUAL,Actual,_T,Total,_Z,Not applicable,MEAN,Mean,_Z,Not applicable,_T,Total,2020,,1577,,A,Normal value,0,Units,0,Zero
DATAFLOW,OECD.ELS.SAE:DSD_HW@DF_AVG_ANN_HRS_WKD(1.0),Average annual hours actually worked per worker,I,LVA,Latvia,HW,Hours worked,H_Y_PS,Hours per year per person,_Z,Not applicable,_Z,Not applicable,EMP,Employment,A,Annual,ACTUAL,Actual,_T,Total,_Z,Not applicable,MEAN,Mean,_Z,Not applicable,_T,Total,2018,,1661,,A,Normal value,0,Units,0,Zero
DATAFLOW,OECD.ELS.SAE:DSD_HW@DF_AVG_ANN_HRS_WKD(1.0),Average annual hours actually worked per worker,I,LVA,Latvia,HW,Hours worked,H_Y_PS,Hours per year per person,_Z,Not applicable,_Z,Not applicable,EMP,Employment,A,Annual,ACTUAL,Actual,_T,Total,_Z,Not applicable,MEAN,Mean,_Z,Not applicable,_T,Total,2022,,1553,,A,Normal value,0,Units,0,Zero
DATAFLOW,OECD.ELS.SAE:DSD_HW@DF_AVG_ANN_HRS_WKD(1.0),Average annual hours actually worked per worker,I,LVA,Latvia,HW,Hours worked,H_Y_PS,Hours per year per person,_Z,Not applicable,_Z,Not applicable,EMP,Employment,A,Annual,ACTUAL,Actual,_T,Total,_Z,Not applicable,MEAN,Mean,_Z,Not applicable,_T,Total,2019,,1631,,A,Normal value,0,Units,0,Zero
DATAFLOW,OECD.ELS.SAE:DSD_HW@DF_AVG_ANN_HRS_WKD(1.0),Average annual hours actually worked per worker,I,AUS,Australia,HW,Hours worked,H_Y_PS,Hours per year per person,_Z,Not applicable,_Z,Not applicable,EMP,Employment,A,Annual,ACTUAL,Actual,_T,Total,_Z,Not applicable,MEAN,Mean,_Z,Not applicable,_T,Total,2020,,1613,,A,Normal value,0,Units,0,Zero
DATAFLOW,OECD.ELS.SAE:DSD_HW@DF_AVG_ANN_HRS_WKD(1.0),Average annual hours actually worked per worker,I,CZE,Czechia,HW,Hours worked,H_Y_PS,Hours per year per person,_Z,Not applicable,_Z,Not applicable,EMP,Employment,A,Annual,ACTUAL,Actual,_T,Total,_Z,Not applicable,MEAN,Mean,_Z,Not applicable,_T,Total,2020,,1677,,A,Normal value,0,Units,0,Zero
DATAFLOW,OECD.ELS.SAE:DSD_HW@DF_AVG_ANN_HRS_WKD(1.0),Average annual hours actually worked per worker,I,HUN,Hungary,HW,Hours worked,H_Y_PS,Hours per year per person,_Z,Not applicable,_Z,Not applicable,EMP,Employment,A,Annual,ACTUAL,Actual,_T,Total,_Z,Not applicable,MEAN,Mean,_Z,Not applicable,_T,Total,2020,,1653,,A,Normal value,0,Units,0,Zero
DATAFLOW,OECD.ELS.SAE:DSD_HW@DF_AVG_ANN_HRS_WKD(1.0),Average annual hours actually worked per worker,I,DEU,Germany,HW,Hours worked,H_Y_PS,Hours per year per person,_Z,Not applicable,_Z,Not applicable,EMP,Employment,A,Annual,ACTUAL,Actual,_T,Total,_Z,Not applicable,MEAN,Mean,_Z,Not applicable,_T,Total,2020,,1315.9,,A,Normal value,0,Units,0,Zero
DATAFLOW,OECD.ELS.SAE:DSD_HW@DF_AVG_ANN_HRS_WKD(1.0),Average annual hours actually worked per worker,I,COL,Colombia,HW,Hours worked,H_Y_PS,Hours per year per person,_Z,Not applicable,_Z,Not applicable,EMP,Employment,A,Annual,ACTUAL,Actual,_T,Total,_Z,Not applicable,MEAN,Mean,_Z,Not applicable,_T,Total,2021,,2307,,A,Normal value,0,Units,0,Zero
DATAFLOW,OECD.ELS.SAE:DSD_HW@DF_AVG_ANN_HRS_WKD(1.0),Average annual hours actually worked per worker,I,EU19OECD,European Union (19 countries) in OECD,HW,Hours worked,H_Y_PS,Hours per year per person,_Z,Not applicable,_Z,Not applicable,EMP,Employment,A,Annual,ACTUAL,Actual,_T,Total,_Z,Not applicable,MEAN,Mean,_Z,Not applicable,_T,Total,2020,,1455.062218,,A,Normal value,0,Units,0,Zero
DATAFLOW,OECD.ELS.SAE:DSD_HW@DF_AVG_ANN_HRS_WKD(1.0),Average annual hours actually worked per worker,I,MEX,Mexico,HW,Hours worked,H_Y_PS,Hours per year per person,_Z,Not applicable,_Z,Not applicable,EMP,Employment,A,Annual,ACTUAL,Actual,_T,Total,_Z,Not applicable,MEAN,Mean,_Z,Not applicable,_T,Total,2020,,2207,,A,Normal value,0,Units,0,Zero
DATAFLOW,OECD.ELS.SAE:DSD_HW@DF_AVG_ANN_HRS_WKD(1.0),Average annual hours actually worked per worker,I,NZL,New Zealand,HW,Hours worked,H_Y_PS,Hours per year per person,_Z,Not applicable,_Z,Not applicable,EMP,Employment,A,Annual,ACTUAL,Actual,_T,Total,_Z,Not applicable,MEAN,Mean,_Z,Not applicable,_T,Total,2020,,1739,,A,Normal value,0,Units,0,Zero
DATAFLOW,OECD.ELS.SAE:DSD_HW@DF_AVG_ANN_HRS_WKD(1.0),Average annual hours actually worked per worker,I,POL,Poland,HW,Hours worked,H_Y_PS,Hours per year per person,_Z,Not applicable,_Z,Not applicable,EMP,Employment,A,Annual,ACTUAL,Actual,_T,Total,_Z,Not applicable,MEAN,Mean,_Z,Not applicable,_T,Total,2020,,1769,,A,Normal value,0,Units,0,Zero
DATAFLOW,OECD.ELS.SAE:DSD_HW@DF_AVG_ANN_HRS_WKD(1.0),Average annual hours actually worked per worker,I,SVK,Slovak Republic,HW,Hours worked,H_Y_PS,Hours per year per person,_Z,Not applicable,_Z,Not applicable,EMP,Employment,A,Annual,ACTUAL,Actual,_T,Total,_Z,Not applicable,MEAN,Mean,_Z,Not applicable,_T,Total,2020,,1572,,A,Normal value,0,Units,0,Zero
DATAFLOW,OECD.ELS.SAE:DSD_HW@DF_AVG_ANN_HRS_WKD(1.0),Average annual hours actually worked per worker,I,FIN,Finland,HW,Hours worked,H_Y_PS,Hours per year per person,_Z,Not applicable,_Z,Not applicable,EMP,Employment,A,Annual,ACTUAL,Actual,_T,Total,_Z,Not applicable,MEAN,Mean,_Z,Not applicable,_T,Total,2018,,1547,,A,Normal value,0,Units,0,Zero
DATAFLOW,OECD.ELS.SAE:DSD_HW@DF_AVG_ANN_HRS_WKD(1.0),Average annual hours actually worked per worker,I,FRA,France,HW,Hours worked,H_Y_PS,Hours per year per person,_Z,Not applicable,_Z,Not applicable,EMP,Employment,A,Annual,ACTUAL,Actual,_T,Total,_Z,Not applicable,MEAN,Mean,_Z,Not applicable,_T,Total,2020,,1400,,A,Normal value,0,Units,0,Zero
DATAFLOW,OECD.ELS.SAE:DSD_HW@DF_AVG_ANN_HRS_WKD(1.0),Average annual hours actually worked per worker,I,RUS,Russia,HW,Hours worked,H_Y_PS,Hours per year per person,_Z,Not applicable,_Z,Not applicable,EMP,Employment,A,Annual,ACTUAL,Actual,_T,Total,_Z,Not applicable,MEAN,Mean,_Z,Not applicable,_T,Total,2020,,1874,,A,Normal value,0,Units,0,Zero
DATAFLOW,OECD.ELS.SAE:DSD_HW@DF_AVG_ANN_HRS_WKD(1.0),Average annual hours actually worked per worker,I,BEL,Belgium,HW,Hours worked,H_Y_PS,Hours per year per person,_Z,Not applicable,_Z,Not applicable,EMP,Employment,A,Annual,ACTUAL,Actual,_T,Total,_Z,Not applicable,MEAN,Mean,_Z,Not applicable,_T,Total,2018,,1580,,A,Normal value,0,Units,0,Zero
DATAFLOW,OECD.ELS.SAE:DSD_HW@DF_AVG_ANN_HRS_WKD(1.0),Average annual hours actually worked per worker,I,ISL,Iceland,HW,Hours worked,H_Y_PS,Hours per year per person,_Z,Not applicable,_Z,Not applicable,EMP,Employment,A,Annual,ACTUAL,Actual,_T,Total,_Z,Not applicable,MEAN,Mean,_Z,Not applicable,_T,Total,2020,,1464,,A,Normal value,0,Units,0,Zero
DATAFLOW,OECD.ELS.SAE:DSD_HW@DF_AVG_ANN_HRS_WKD(1.0),Average annual hours actually worked per worker,I,JPN,Japan,HW,Hours worked,H_Y_PS,Hours per year per person,_Z,Not applicable,_Z,Not applicable,EMP,Employment,A,Annual,ACTUAL,Actual,_T,Total,_Z,Not applicable,MEAN,Mean,_Z,Not applicable,_T,Total,2020,,1597,,A,Normal value,0,Units,0,Zero
DATAFLOW,OECD.ELS.SAE:DSD_HW@DF_AVG_ANN_HRS_WKD(1.0),Average annual hours actually worked per worker,I,LUX,Luxembourg,HW,Hours worked,H_Y_PS,Hours per year per person,_Z,Not applicable,_Z,Not applicable,EMP,Employment,A,Annual,ACTUAL,Actual,_T,Total,_Z,Not applicable,MEAN,Mean,_Z,Not applicable,_T,Total,2020,,1408,,A,Normal value,0,Units,0,Zero
DATAFLOW,OECD.ELS.SAE:DSD_HW@DF_AVG_ANN_HRS_WKD(1.0),Average annual hours actually worked per worker,I,TUR,Türkiye,HW,Hours worked,H_Y_PS,Hours per year per person,_Z,Not applicable,_Z,Not applicable,EMP,Employment,A,Annual,ACTUAL,Actual,_T,Total,_Z,Not applicable,MEAN,Mean,_Z,Not applicable,_T,Total,2018,,1745,,A,Normal value,0,Units,0,Zero
DATAFLOW,OECD.ELS.SAE:DSD_HW@DF_AVG_ANN_HRS_WKD(1.0),Average annual hours actually worked per worker,I,CRI,Costa Rica,HW,Hours worked,H_Y_PS,Hours per year per person,_Z,Not applicable,_Z,Not applicable,EMP,Employment,A,Annual,ACTUAL,Actual,_T,Total,_Z,Not applicable,MEAN,Mean,_Z,Not applicable,_T,Total,2020,,1913.2,,A,Normal value,0,Units,0,Zero
DATAFLOW,OECD.ELS.SAE:DSD_HW@DF_AVG_ANN_HRS_WKD(1.0),Average annual hours actually worked per worker,I,ROU,Romania,HW,Hours worked,H_Y_PS,Hours per year per person,_Z,Not applicable,_Z,Not applicable,EMP,Employment,A,Annual,ACTUAL,Actual,_T,Total,_Z,Not applicable,MEAN,Mean,_Z,Not applicable,_T,Total,2020,,1756,,A,Normal value,0,Units,0,Zero
DATAFLOW,OECD.ELS.SAE:DSD_HW@DF_AVG_ANN_HRS_WKD(1.0),Average annual hours actually worked per worker,I,EU27,European Union (27 countries),HW,Hours worked,H_Y_PS,Hours per year per person,_Z,Not applicable,_Z,Not applicable,EMP,Employment,A,Annual,ACTUAL,Actual,_T,Total,_Z,Not applicable,MEAN,Mean,_Z,Not applicable,_T,Total,2020,,1506,,A,Normal value,0,Units,0,Zero
DATAFLOW,OECD.ELS.SAE:DSD_HW@DF_AVG_ANN_HRS_WKD(1.0),Average annual hours actually worked per worker,I,SVN,Slovenia,HW,Hours worked,H_Y_PS,Hours per year per person,_Z,Not applicable,_Z,Not applicable,EMP,Employment,A,Annual,ACTUAL,Actual,_T,Total,_Z,Not applicable,MEAN,Mean,_Z,Not applicable,_T,Total,2020,,1532,,A,Normal value,0,Units,0,Zero
DATAFLOW,OECD.ELS.SAE:DSD_HW@DF_AVG_ANN_HRS_WKD(1.0),Average annual hours actually worked per worker,I,NOR,Norway,HW,Hours worked,H_Y_PS,Hours per year per person,_Z,Not applicable,_Z,Not applicable,EMP,Employment,A,Annual,ACTUAL,Actual,_T,Total,_Z,Not applicable,MEAN,Mean,_Z,Not applicable,_T,Total,2020,,1410,,A,Normal value,0,Units,0,Zero
DATAFLOW,OECD.ELS.SAE:DSD_HW@DF_AVG_ANN_HRS_WKD(1.0),Average annual hours actually worked per worker,I,DNK,Denmark,HW,Hours worked,H_Y_PS,Hours per year per person,_Z,Not applicable,_Z,Not applicable,EMP,Employment,A,Annual,ACTUAL,Actual,_T,Total,_Z,Not applicable,MEAN,Mean,_Z,Not applicable,_T,Total,2020,,1341,,A,Normal value,0,Units,0,Zero
DATAFLOW,OECD.ELS.SAE:DSD_HW@DF_AVG_ANN_HRS_WKD(1.0),Average annual hours actually worked per worker,I,GRC,Greece,HW,Hours worked,H_Y_PS,Hours per year per person,_Z,Not applicable,_Z,Not applicable,EMP,Employment,A,Annual,ACTUAL,Actual,_T,Total,_Z,Not applicable,MEAN,Mean,_Z,Not applicable,_T,Total,2020,,1732,,A,Normal value,0,Units,0,Zero
DATAFLOW,OECD.ELS.SAE:DSD_HW@DF_AVG_ANN_HRS_WKD(1.0),Average annual hours actually worked per worker,I,KOR,South Korea,HW,Hours worked,H_Y_PS,Hours per year per person,_Z,Not applicable,_Z,Not applicable,EMP,Employment,A,Annual,ACTUAL,Actual,_T,Total,_Z,Not applicable,MEAN,Mean,_Z,Not applicable,_T,Total,2020,,1908,,A,Normal value,0,Units,0,Zero
DATAFLOW,OECD.ELS.SAE:DSD_HW@DF_AVG_ANN_HRS_WKD(1.0),Average annual hours actually worked per worker,I,CYP,Cyprus,HW,Hours worked,H_Y_PS,Hours per year per person,_Z,Not applicable,_Z,Not applicable,EMP,Employment,A,Annual,ACTUAL,Actual,_T,Total,_Z,Not applicable,MEAN,Mean,_Z,Not applicable,_T,Total,2020,,1728,,A,Normal value,0,Units,0,Zero
DATAFLOW,OECD.ELS.SAE:DSD_HW@DF_AVG_ANN_HRS_WKD(1.0),Average annual hours actually worked per worker,I,AUT,Austria,HW,Hours worked,H_Y_PS,Hours per year per person,_Z,Not applicable,_Z,Not applicable,EMP,Employment,A,Annual,ACTUAL,Actual,_T,Total,_Z,Not applicable,MEAN,Mean,_Z,Not applicable,_T,Total,2020,,1400,,A,Normal value,0,Units,0,Zero
DATAFLOW,OECD.ELS.SAE:DSD_HW@DF_AVG_ANN_HRS_WKD(1.0),Average annual hours actually worked per worker,I,ITA,Italy,HW,Hours worked,H_Y_PS,Hours per year per person,_Z,Not applicable,_Z,Not applicable,EMP,Employment,A,Annual,ACTUAL,Actual,_T,Total,_Z,Not applicable,MEAN,Mean,_Z,Not applicable,_T,Total,2020,,1543,,A,Normal value,0,Units,0,Zero
DATAFLOW,OECD.ELS.SAE:DSD_HW@DF_AVG_ANN_HRS_WKD(1.0),Average annual hours actually worked per worker,I,ESP,Spain,HW,Hours worked,H_Y_PS,Hours per year per person,_Z,Not applicable,_Z,Not applicable,EMP,Employment,A,Annual,ACTUAL,Actual,_T,Total,_Z,Not applicable,MEAN,Mean,_Z,Not applicable,_T,Total,2018,,1697.6,,A,Normal value,0,Units,0,Zero
DATAFLOW,OECD.ELS.SAE:DSD_HW@DF_AVG_ANN_HRS_WKD(1.0),Average annual hours actually worked per worker,I,GBR,United Kingdom,HW,Hours worked,H_Y_PS,Hours per year per person,_Z,Not applicable,_Z,Not applicable,EMP,Employment,A,Annual,ACTUAL,Actual,_T,Total,_Z,Not applicable,MEAN,Mean,_Z,Not applicable,_T,Total,2020,,1364,,A,Normal value,0,Units,0,Zero
DATAFLOW,OECD.ELS.SAE:DSD_HW@DF_AVG_ANN_HRS_WKD(1.0),Average annual hours actually worked per worker,I,LTU,Lithuania,HW,Hours worked,H_Y_PS,Hours per year per person,_Z,Not applicable,_Z,Not applicable,EMP,Employment,A,Annual,ACTUAL,Actual,_T,Total,_Z,Not applicable,MEAN,Mean,_Z,Not applicable,_T,Total,2020,,1595,,A,Normal value,0,Units,0,Zero
DATAFLOW,OECD.ELS.SAE:DSD_HW@DF_AVG_ANN_HRS_WKD(1.0),Average annual hours actually worked per worker,I,OECD,OECD,HW,Hours worked,H_Y_PS,Hours per year per person,_Z,Not applicable,_Z,Not applicable,EMP,Employment,A,Annual,ACTUAL,Actual,_T,Total,_Z,Not applicable,MEAN,Mean,_Z,Not applicable,_T,Total,2020,,1683,,A,Normal value,0,Units,0,Zero
DATAFLOW,OECD.ELS.SAE:DSD_HW@DF_AVG_ANN_HRS_WKD(1.0),Average annual hours actually worked per worker,I,CAN,Canada,HW,Hours worked,H_Y_PS,Hours per year per person,_Z,Not applicable,_Z,Not applicable,EMP,Employment,A,Annual,ACTUAL,Actual,_T,Total,_Z,Not applicable,MEAN,Mean,_Z,Not applicable,_T,Total,2021,,1685,,A,Normal value,0,Units,0,Zero
DATAFLOW,OECD.ELS.SAE:DSD_HW@DF_AVG_ANN_HRS_WKD(1.0),Average annual hours actually worked per worker,I,CHE,Switzerland,HW,Hours worked,H_Y_PS,Hours per year per person,_Z,Not applicable,_Z,Not applicable,EMP,Employment,A,Annual,ACTUAL,Actual,_T,Total,_Z,Not applicable,MEAN,Mean,_Z,Not applicable,_T,Total,2022,,1528.7,,A,Normal value,0,Units,0,Zero
DATAFLOW,OECD.ELS.SAE:DSD_HW@DF_AVG_ANN_HRS_WKD(1.0),Average annual hours actually worked per worker,I,MLT,Malta,HW,Hours worked,H_Y_PS,Hours per year per person,_Z,Not applicable,_Z,Not applicable,EMP,Employment,A,Annual,ACTUAL,Actual,_T,Total,_Z,Not applicable,MEAN,Mean,_Z,Not applicable,_T,Total,2020,,1910,,A,Normal value,0,Units,0,Zero
DATAFLOW,OECD.ELS.SAE:DSD_HW@DF_AVG_ANN_HRS_WKD(1.0),Average annual hours actually worked per worker,I,ISR,Israel,HW,Hours worked,H_Y_PS,Hours per year per person,_Z,Not applicable,_Z,Not applicable,EMP,Employment,A,Annual,ACTUAL,Actual,_T,Total,_Z,Not applicable,MEAN,Mean,_Z,Not applicable,_T,Total,2020,,1778,,A,Normal value,0,Units,0,Zero
DATAFLOW,OECD.ELS.SAE:DSD_HW@DF_AVG_ANN_HRS_WKD(1.0),Average annual hours actually worked per worker,I,HRV,Croatia,HW,Hours worked,H_Y_PS,Hours per year per person,_Z,Not applicable,_Z,Not applicable,EMP,Employment,A,Annual,ACTUAL,Actual,_T,Total,_Z,Not applicable,MEAN,Mean,_Z,Not applicable,_T,Total,2020,,1834,,A,Normal value,0,Units,0,Zero
DATAFLOW,OECD.ELS.SAE:DSD_HW@DF_AVG_ANN_HRS_WKD(1.0),Average annual hours actually worked per worker,I,IRL,Ireland,HW,Hours worked,H_Y_PS,Hours per year per person,_Z,Not applicable,_Z,Not applicable,EMP,Employment,A,Annual,ACTUAL,Actual,_T,Total,_Z,Not applicable,MEAN,Mean,_Z,Not applicable,_T,Total,2020,,1620,,A,Normal value,0,Units,0,Zero
DATAFLOW,OECD.ELS.SAE:DSD_HW@DF_AVG_ANN_HRS_WKD(1.0),Average annual hours actually worked per worker,I,CHL,Chile,HW,Hours worked,H_Y_PS,Hours per year per person,_Z,Not applicable,_Z,Not applicable,EMP,Employment,A,Annual,ACTUAL,Actual,_T,Total,_Z,Not applicable,MEAN,Mean,_Z,Not applicable,_T,Total,2020,,1828,,A,Normal value,0,Units,0,Zero
DATAFLOW,OECD.ELS.SAE:DSD_HW@DF_AVG_ANN_HRS_WKD(1.0),Average annual hours actually worked per worker,I,EST,Estonia,HW,Hours worked,H_Y_PS,Hours per year per person,_Z,Not applicable,_Z,Not applicable,EMP,Employment,A,Annual,ACTUAL,Actual,_T,Total,_Z,Not applicable,MEAN,Mean,_Z,Not applicable,_T,Total,2021,,1767,,A,Normal value,0,Units,0,Zero
DATAFLOW,OECD.ELS.SAE:DSD_HW@DF_AVG_ANN_HRS_WKD(1.0),Average annual hours actually worked per worker,I,BGR,Bulgaria,HW,Hours worked,H_Y_PS,Hours per year per person,_Z,Not applicable,_Z,Not applicable,EMP,Employment,A,Annual,ACTUAL,Actual,_T,Total,_Z,Not applicable,MEAN,Mean,_Z,Not applicable,_T,Total,2020,,1605,,A,Normal value,0,Units,0,Zero
DATAFLOW,OECD.ELS.SAE:DSD_HW@DF_AVG_ANN_HRS_WKD(1.0),Average annual hours actually worked per worker,I,NLD,Netherlands,HW,Hours worked,H_Y_PS,Hours per year per person,_Z,Not applicable,_Z,Not applicable,EMP,Employment,A,Annual,ACTUAL,Actual,_T,Total,_Z,Not applicable,MEAN,Mean,_Z,Not applicable,_T,Total,2020,,1404,,A,Normal value,0,Units,0,Zero
DATAFLOW,OECD.ELS.SAE:DSD_HW@DF_AVG_ANN_HRS_WKD(1.0),Average annual hours actually worked per worker,I,PRT,Portugal,HW,Hours worked,H_Y_PS,Hours per year per person,_Z,Not applicable,_Z,Not applicable,EMP,Employment,A,Annual,ACTUAL,Actual,_T,Total,_Z,Not applicable,MEAN,Mean,_Z,Not applicable,_T,Total,2020,,1611,,A,Normal value,0,Units,0,Zero
DATAFLOW,OECD.ELS.SAE:DSD_HW@DF_AVG_ANN_HRS_WKD(1.0),Average annual hours actually worked per worker,I,SWE,Sweden,HW,Hours worked,H_Y_PS,Hours per year per person,_Z,Not applicable,_Z,Not applicable,EMP,Employment,A,Annual,ACTUAL,Actual,_T,Total,_Z,Not applicable,MEAN,Mean,_Z,Not applicable,_T,Total,2018,,1465,,A,Normal value,0,Units,0,Zero
DATAFLOW,OECD.ELS.SAE:DSD_HW@DF_AVG_ANN_HRS_WKD(1.0),Average annual hours actually worked per worker,I,USA,United States,HW,Hours worked,H_Y_PS,Hours per year per person,_Z,Not applicable,_Z,Not applicable,EMP,Employment,A,Annual,ACTUAL,Actual,_T,Total,_Z,Not applicable,MEAN,Mean,_Z,Not applicable,_T,Total,2020,,1789,,A,Normal value,0,Units,0,Zero
DATAFLOW,OECD.ELS.SAE:DSD_HW@DF_AVG_ANN_HRS_WKD(1.0),Average annual hours actually worked per worker,I,LVA,Latvia,HW,Hours worked,H_Y_PS,Hours per year per person,_Z,Not applicable,_Z,Not applicable,EMP,Employment,A,Annual,ACTUAL,Actual,_T,Total,_Z,Not applicable,MEAN,Mean,_Z,Not applicable,_T,Total,2021,,1601,,A,Normal value,0,Units,0,Zero
DATAFLOW,OECD.ELS.SAE:DSD_HW@DF_AVG_ANN_HRS_WKD(1.0),Average annual hours actually worked per worker,I,SVN,Slovenia,HW,Hours worked,H_Y_PS,Hours per year per person,_Z,Not applicable,_Z,Not applicable,EMP,Employment,A,Annual,ACTUAL,Actual,_T,Total,_Z,Not applicable,MEAN,Mean,_Z,Not applicable,_T,Total,2019,,1601,,A,Normal value,0,Units,0,Zero
DATAFLOW,OECD.ELS.SAE:DSD_HW@DF_AVG_ANN_HRS_WKD(1.0),Average annual hours actually worked per worker,I,SVN,Slovenia,HW,Hours worked,H_Y_PS,Hours per year per person,_Z,Not applicable,_Z,Not applicable,EMP,Employment,A,Annual,ACTUAL,Actual,_T,Total,_Z,Not applicable,MEAN,Mean,_Z,Not applicable,_T,Total,2018,,1603,,A,Normal value,0,Units,0,Zero
DATAFLOW,OECD.ELS.SAE:DSD_HW@DF_AVG_ANN_HRS_WKD(1.0),Average annual hours actually worked per worker,I,SVN,Slovenia,HW,Hours worked,H_Y_PS,Hours per year per person,_Z,Not applicable,_Z,Not applicable,EMP,Employment,A,Annual,ACTUAL,Actual,_T,Total,_Z,Not applicable,MEAN,Mean,_Z,Not applicable,_T,Total,2022,,1610,,A,Normal value,0,Units,0,Zero
DATAFLOW,OECD.ELS.SAE:DSD_HW@DF_AVG_ANN_HRS_WKD(1.0),Average annual hours actually worked per worker,I,SVN,Slovenia,HW,Hours worked,H_Y_PS,Hours per year per person,_Z,Not applicable,_Z,Not applicable,EMP,Employment,A,Annual,ACTUAL,Actual,_T,Total,_Z,Not applicable,MEAN,Mean,_Z,Not applicable,_T,Total,2021,,1593,,A,Normal value,0,Units,0,Zero
DATAFLOW,OECD.ELS.SAE:DSD_HW@DF_AVG_ANN_HRS_WKD(1.0),Average annual hours actually worked per worker,I,NOR,Norway,HW,Hours worked,H_Y_PS,Hours per year per person,_Z,Not applicable,_Z,Not applicable,EMP,Employment,A,Annual,ACTUAL,Actual,_T,Total,_Z,Not applicable,MEAN,Mean,_Z,Not applicable,_T,Total,2019,,1419,,A,Normal value,0,Units,0,Zero
DATAFLOW,OECD.ELS.SAE:DSD_HW@DF_AVG_ANN_HRS_WKD(1.0),Average annual hours actually worked per worker,I,NOR,Norway,HW,Hours worked,H_Y_PS,Hours per year per person,_Z,Not applicable,_Z,Not applicable,EMP,Employment,A,Annual,ACTUAL,Actual,_T,Total,_Z,Not applicable,MEAN,Mean,_Z,Not applicable,_T,Total,2018,,1419,,A,Normal value,0,Units,0,Zero
DATAFLOW,OECD.ELS.SAE:DSD_HW@DF_AVG_ANN_HRS_WKD(1.0),Average annual hours actually worked per worker,I,NOR,Norway,HW,Hours worked,H_Y_PS,Hours per year per person,_Z,Not applicable,_Z,Not applicable,EMP,Employment,A,Annual,ACTUAL,Actual,_T,Total,_Z,Not applicable,MEAN,Mean,_Z,Not applicable,_T,Total,2022,,1425,,A,Normal value,0,Units,0,Zero
DATAFLOW,OECD.ELS.SAE:DSD_HW@DF_AVG_ANN_HRS_WKD(1.0),Average annual hours actually worked per worker,I,NOR,Norway,HW,Hours worked,H_Y_PS,Hours per year per person,_Z,Not applicable,_Z,Not applicable,EMP,Employment,A,Annual,ACTUAL,Actual,_T,Total,_Z,Not applicable,MEAN,Mean,_Z,Not applicable,_T,Total,2021,,1426,,A,Normal value,0,Units,0,Zero
DATAFLOW,OECD.ELS.SAE:DSD_HW@DF_AVG_ANN_HRS_WKD(1.0),Average annual hours actually worked per worker,I,DNK,Denmark,HW,Hours worked,H_Y_PS,Hours per year per person,_Z,Not applicable,_Z,Not applicable,EMP,Employment,A,Annual,ACTUAL,Actual,_T,Total,_Z,Not applicable,MEAN,Mean,_Z,Not applicable,_T,Total,2019,,1371,,A,Normal value,0,Units,0,Zero
DATAFLOW,OECD.ELS.SAE:DSD_HW@DF_AVG_ANN_HRS_WKD(1.0),Average annual hours actually worked per worker,I,DNK,Denmark,HW,Hours worked,H_Y_PS,Hours per year per person,_Z,Not applicable,_Z,Not applicable,EMP,Employment,A,Annual,ACTUAL,Actual,_T,Total,_Z,Not applicable,MEAN,Mean,_Z,Not applicable,_T,Total,2018,,1381,,A,Normal value,0,Units,0,Zero
DATAFLOW,OECD.ELS.SAE:DSD_HW@DF_AVG_ANN_HRS_WKD(1.0),Average annual hours actually worked per worker,I,DNK,Denmark,HW,Hours worked,H_Y_PS,Hours per year per person,_Z,Not applicable,_Z,Not applicable,EMP,Employment,A,Annual,ACTUAL,Actual,_T,Total,_Z,Not applicable,MEAN,Mean,_Z,Not applicable,_T,Total,2022,,1394,,A,Normal value,0,Units,0,Zero
DATAFLOW,OECD.ELS.SAE:DSD_HW@DF_AVG_ANN_HRS_WKD(1.0),Average annual hours actually worked per worker,I,DNK,Denmark,HW,Hours worked,H_Y_PS,Hours per year per person,_Z,Not applicable,_Z,Not applicable,EMP,Employment,A,Annual,ACTUAL,Actual,_T,Total,_Z,Not applicable,MEAN,Mean,_Z,Not applicable,_T,Total,2021,,1390,,A,Normal value,0,Units,0,Zero
DATAFLOW,OECD.ELS.SAE:DSD_HW@DF_AVG_ANN_HRS_WKD(1.0),Average annual hours actually worked per worker,I,GRC,Greece,HW,Hours worked,H_Y_PS,Hours per year per person,_Z,Not applicable,_Z,Not applicable,EMP,Employment,A,Annual,ACTUAL,Actual,_T,Total,_Z,Not applicable,MEAN,Mean,_Z,Not applicable,_T,Total,2019,,1918,,A,Normal value,0,Units,0,Zero
